participant,syllables,lexicality,rt,acc,
P1,3.0,1.0,0.5478,1.0,
P1,3.0,2.0,0.7572,1.0,
P1,4.0,2.0,0.8672,1.0,
P1,4.0,1.0,0.5857,1.0,
P1,4.0,1.0,0.702,1.0,
P1,4.0,2.0,0.5858,1.0,
P1,3.0,2.0,0.646,1.0,
P1,4.0,1.0,0.6675,1.0,
P1,4.0,2.0,0.6924,1.0,
P1,3.0,1.0,0.5921,1.0,
P1,4.0,2.0,0.6132,1.0,
P1,4.0,1.0,0.6256,1.0,
P1,4.0,1.0,0.5984,1.0,
P1,3.0,2.0,0.5501,1.0,
P1,3.0,1.0,0.6986,1.0,
P1,3.0,1.0,0.482,1.0,
P1,4.0,1.0,0.6345,1.0,
P1,4.0,1.0,0.6279,1.0,
P1,3.0,2.0,0.5746,1.0,
P1,3.0,2.0,0.5485,1.0,
P1,4.0,1.0,0.5755,1.0,
P1,4.0,1.0,0.9735,1.0,
P1,3.0,2.0,0.5233,1.0,
P1,3.0,1.0,0.555,1.0,
P1,4.0,1.0,0.6774,1.0,
P1,3.0,1.0,0.5736,1.0,
P1,4.0,2.0,0.5939,1.0,
P1,3.0,2.0,0.5543,1.0,
P1,4.0,2.0,0.5365,1.0,
P1,4.0,1.0,0.5163,1.0,
P1,3.0,1.0,0.5175,1.0,
P1,3.0,2.0,0.5119,1.0,
P1,3.0,1.0,0.6128,1.0,
P1,3.0,1.0,0.5893,1.0,
P1,3.0,1.0,0.4869,1.0,
P1,4.0,1.0,0.593,1.0,
P1,4.0,1.0,0.5202,1.0,
P1,3.0,1.0,0.5071,1.0,
P1,3.0,2.0,0.6443,1.0,
P1,4.0,2.0,0.577,1.0,
P1,3.0,1.0,0.5328,1.0,
P1,4.0,1.0,0.5814,1.0,
P1,4.0,2.0,0.5939,1.0,
P1,4.0,1.0,0.4901,1.0,
P1,3.0,1.0,0.5815,1.0,
P1,3.0,1.0,0.4836,1.0,
P1,4.0,2.0,0.5334,1.0,
P1,3.0,2.0,0.5907,1.0,
P1,4.0,2.0,0.5116,1.0,
P1,4.0,1.0,0.5274,1.0,
P1,4.0,2.0,0.4589,0.0,
P1,4.0,1.0,0.5449,1.0,
P1,3.0,1.0,0.6144,1.0,
P1,3.0,1.0,0.5194,1.0,
P1,4.0,1.0,0.4197,1.0,
P1,3.0,2.0,0.5359,1.0,
P1,4.0,2.0,0.4513,1.0,
P1,3.0,1.0,0.4783,1.0,
P1,3.0,2.0,0.5313,1.0,
P1,4.0,1.0,0.4341,1.0,
P1,4.0,1.0,0.4463,1.0,
P1,4.0,1.0,0.5582,1.0,
P1,3.0,2.0,0.6746,1.0,
P1,3.0,2.0,0.4575,1.0,
P1,3.0,1.0,0.4733,1.0,
P1,3.0,2.0,0.466,1.0,
P1,4.0,2.0,0.5271,1.0,
P1,3.0,2.0,0.5827,1.0,
P1,4.0,1.0,0.6501,1.0,
P1,4.0,1.0,0.512,1.0,
P1,4.0,1.0,0.5239,1.0,
P1,4.0,1.0,0.5589,1.0,
P1,3.0,2.0,0.5797,1.0,
P1,4.0,1.0,0.5069,1.0,
P1,4.0,2.0,0.5443,1.0,
P1,3.0,1.0,0.8554,0.0,
P1,3.0,1.0,0.6486,1.0,
P1,4.0,2.0,0.5991,1.0,
P1,4.0,2.0,0.4982,1.0,
P1,3.0,2.0,0.5269,1.0,
P1,3.0,2.0,0.812,1.0,
P1,3.0,1.0,0.5302,1.0,
P1,3.0,2.0,0.4391,1.0,
P1,3.0,2.0,0.6454,1.0,
P1,3.0,2.0,0.538,1.0,
P1,3.0,2.0,0.5524,1.0,
P1,3.0,1.0,0.4629,1.0,
P1,3.0,1.0,0.515,1.0,
P1,4.0,2.0,0.6188,1.0,
P1,3.0,1.0,0.4946,1.0,
P1,4.0,2.0,0.6267,1.0,
P1,3.0,1.0,0.5317,1.0,
P1,4.0,2.0,0.5234,1.0,
P1,4.0,2.0,0.5705,1.0,
P1,4.0,2.0,0.4771,1.0,
P1,4.0,2.0,0.4319,1.0,
P1,4.0,2.0,0.3942,1.0,
P1,4.0,1.0,0.6062,1.0,
P1,3.0,1.0,0.5223,1.0,
P1,4.0,1.0,0.4049,1.0,
P1,4.0,1.0,0.3639,1.0,
P1,4.0,2.0,0.5077,1.0,
P1,3.0,2.0,0.5144,0.0,
P1,4.0,1.0,0.5118,0.0,
P1,3.0,2.0,0.474,1.0,
P1,4.0,2.0,0.5207,1.0,
P1,3.0,2.0,0.6847,1.0,
P1,3.0,2.0,0.643,1.0,
P1,4.0,2.0,0.4455,1.0,
P1,3.0,2.0,0.4672,1.0,
P1,4.0,1.0,0.5995,1.0,
P1,3.0,1.0,0.5184,1.0,
P1,3.0,2.0,0.5242,1.0,
P1,4.0,1.0,0.6803,1.0,
P1,4.0,1.0,0.5248,1.0,
P1,4.0,2.0,0.5466,1.0,
P1,3.0,1.0,0.5337,0.0,
P1,3.0,1.0,0.7287,1.0,
P1,3.0,1.0,0.4479,1.0,
P1,4.0,2.0,0.5399,1.0,
P1,3.0,2.0,0.4986,1.0,
P1,3.0,1.0,0.5278,1.0,
P1,3.0,2.0,1.0002,0.0,
P1,4.0,1.0,0.6779,1.0,
P1,4.0,2.0,0.6775,1.0,
P1,3.0,1.0,0.6284,1.0,
P1,4.0,1.0,0.573,1.0,
P1,4.0,2.0,0.5243,1.0,
P1,3.0,2.0,0.7298,1.0,
P1,3.0,1.0,0.4769,1.0,
P1,3.0,2.0,0.4986,1.0,
P1,4.0,2.0,0.643,1.0,
P1,3.0,2.0,0.4678,1.0,
P1,4.0,2.0,0.6984,1.0,
P1,4.0,2.0,0.5422,1.0,
P1,3.0,2.0,0.4802,1.0,
P1,3.0,1.0,0.6585,1.0,
P1,4.0,2.0,0.4783,1.0,
P1,4.0,2.0,0.5604,1.0,
P1,3.0,2.0,0.4747,1.0,
P1,4.0,2.0,0.5025,1.0,
P1,3.0,2.0,0.4784,1.0,
P1,4.0,1.0,0.61,1.0,
P1,4.0,1.0,0.581,1.0,
P1,3.0,1.0,0.6186,1.0,
P1,4.0,2.0,0.5343,1.0,
P1,3.0,2.0,0.4622,1.0,
P1,4.0,2.0,0.4295,1.0,
P1,4.0,2.0,0.3738,1.0,
P1,4.0,1.0,0.5166,1.0,
P1,4.0,2.0,0.5479,1.0,
P1,4.0,2.0,0.4923,1.0,
P1,3.0,1.0,0.5731,1.0,
P1,3.0,1.0,0.4817,1.0,
P1,3.0,1.0,0.6797,1.0,
P1,3.0,1.0,0.4524,1.0,
P1,3.0,1.0,0.4178,1.0,
P1,4.0,1.0,0.4828,1.0,
P1,4.0,1.0,0.5285,1.0,
P1,3.0,2.0,0.4582,1.0,
P1,3.0,2.0,0.4487,1.0,
P1,3.0,1.0,0.465,1.0,
P1,4.0,1.0,0.4938,1.0,
P1,3.0,2.0,0.3962,0.0,
P1,3.0,1.0,0.5901,1.0,
P1,3.0,2.0,0.558,1.0,
P1,3.0,1.0,0.5123,1.0,
P1,3.0,2.0,0.563,1.0,
P1,4.0,2.0,0.4492,1.0,
P1,3.0,1.0,0.4807,1.0,
P1,4.0,2.0,0.4785,1.0,
P1,4.0,2.0,0.4341,1.0,
P1,3.0,2.0,0.5015,1.0,
P1,4.0,2.0,0.485,1.0,
P1,4.0,1.0,0.6954,1.0,
P1,3.0,2.0,0.4435,1.0,
P1,3.0,1.0,0.4968,1.0,
P1,4.0,1.0,0.5402,0.0,
P1,4.0,1.0,0.4322,1.0,
P1,4.0,1.0,0.5091,1.0,
P1,4.0,1.0,0.5966,1.0,
P1,3.0,1.0,0.7075,1.0,
P1,4.0,2.0,0.4836,1.0,
P1,4.0,1.0,0.5941,1.0,
P1,4.0,2.0,0.532,1.0,
P1,3.0,1.0,0.6104,1.0,
P1,3.0,1.0,0.6798,1.0,
P1,3.0,2.0,0.4896,1.0,
P1,4.0,1.0,0.7948,1.0,
P1,3.0,1.0,0.585,1.0,
P1,4.0,2.0,0.4845,1.0,
P1,4.0,1.0,0.7273,1.0,
P1,3.0,2.0,0.6316,1.0,
P1,3.0,2.0,0.5119,1.0,
P1,4.0,2.0,0.5009,1.0,
P1,4.0,2.0,0.5166,1.0,
P1,4.0,2.0,0.4242,1.0,
P1,3.0,2.0,0.574,1.0,
P1,3.0,2.0,0.4406,1.0,
P1,4.0,2.0,0.5942,1.0,
P1,4.0,2.0,0.4821,1.0,
P1,3.0,1.0,0.4169,1.0,
P1,4.0,1.0,0.4792,1.0,
P1,4.0,1.0,0.5576,1.0,
P1,3.0,1.0,0.5999,1.0,
P1,3.0,1.0,0.5504,1.0,
P1,4.0,1.0,0.5742,1.0,
P1,4.0,2.0,0.5152,1.0,
P1,4.0,2.0,0.5582,1.0,
P1,3.0,1.0,0.4422,1.0,
P1,3.0,1.0,0.526,1.0,
P1,4.0,2.0,0.4747,0.0,
P1,4.0,1.0,0.4329,1.0,
P1,4.0,1.0,0.5581,1.0,
P1,4.0,2.0,0.4898,1.0,
P1,4.0,2.0,0.5002,1.0,
P1,4.0,1.0,0.4744,1.0,
P1,4.0,2.0,0.5117,1.0,
P1,3.0,2.0,0.4672,1.0,
P1,4.0,2.0,0.5503,1.0,
P1,3.0,1.0,0.5953,1.0,
P1,4.0,1.0,0.4168,1.0,
P1,4.0,2.0,0.4967,1.0,
P1,3.0,1.0,0.5402,1.0,
P1,4.0,1.0,0.4218,1.0,
P1,3.0,2.0,0.5127,1.0,
P1,3.0,1.0,0.4524,1.0,
P1,3.0,2.0,0.6111,1.0,
P1,4.0,2.0,0.4573,1.0,
P1,3.0,2.0,0.5385,1.0,
P1,3.0,2.0,0.5797,1.0,
P1,3.0,1.0,0.5503,1.0,
P1,4.0,1.0,0.7466,1.0,
P1,3.0,1.0,0.3854,1.0,
P1,4.0,2.0,0.4241,1.0,
P1,4.0,1.0,0.5643,1.0,
P1,4.0,2.0,0.5266,1.0,
P1,4.0,1.0,0.5594,1.0,
P1,4.0,2.0,0.5994,1.0,
P1,4.0,2.0,0.4576,1.0,
P1,3.0,1.0,0.6136,1.0,
P1,4.0,1.0,0.74,1.0,
P1,4.0,2.0,0.5506,1.0,
P1,4.0,1.0,0.6119,1.0,
P1,4.0,1.0,0.4252,1.0,
P1,4.0,2.0,0.507,1.0,
P1,3.0,1.0,0.6763,1.0,
P1,3.0,2.0,0.555,1.0,
P1,4.0,1.0,0.5315,1.0,
P1,3.0,2.0,0.5649,1.0,
P1,3.0,1.0,0.8876,1.0,
P1,4.0,2.0,0.4468,1.0,
P1,3.0,2.0,0.651,1.0,
P1,4.0,2.0,0.483,1.0,
P1,3.0,2.0,0.9304,1.0,
P1,3.0,2.0,0.5238,1.0,
P1,4.0,1.0,0.6797,1.0,
P1,4.0,1.0,0.5197,1.0,
P1,3.0,2.0,0.5113,1.0,
P1,3.0,1.0,0.5491,1.0,
P1,4.0,2.0,0.5661,1.0,
P1,4.0,1.0,0.4657,1.0,
P1,3.0,2.0,0.5475,0.0,
P1,4.0,1.0,0.8186,1.0,
P1,3.0,1.0,0.709,1.0,
P1,3.0,2.0,0.6132,1.0,
P1,3.0,1.0,0.5485,1.0,
P1,3.0,1.0,0.4835,1.0,
P1,4.0,1.0,0.4248,1.0,
P1,3.0,2.0,0.6791,1.0,
P1,4.0,1.0,1.1592,1.0,
P1,3.0,2.0,0.5076,1.0,
P1,3.0,1.0,0.4354,1.0,
P1,3.0,1.0,0.4642,1.0,
P1,3.0,1.0,1.1842,1.0,
P1,3.0,2.0,0.5921,1.0,
P1,3.0,1.0,0.6762,0.0,
P1,4.0,2.0,0.7433,1.0,
P1,3.0,2.0,0.8347,1.0,
P1,4.0,2.0,0.7073,1.0,
P1,4.0,2.0,0.5137,1.0,
P1,4.0,2.0,0.4572,1.0,
P1,3.0,1.0,0.4921,1.0,
P1,3.0,1.0,0.6535,1.0,
P1,4.0,2.0,0.6381,1.0,
P1,4.0,1.0,0.5131,1.0,
P1,4.0,2.0,0.5502,1.0,
P1,4.0,1.0,0.6426,1.0,
P1,3.0,2.0,0.5931,0.0,
P1,4.0,2.0,0.5272,1.0,
P1,4.0,1.0,0.7489,1.0,
P1,4.0,2.0,0.5122,1.0,
P1,4.0,2.0,0.5471,1.0,
P1,3.0,2.0,0.6067,1.0,
P1,4.0,1.0,0.6837,1.0,
P1,3.0,1.0,0.4636,1.0,
P1,3.0,1.0,0.4663,0.0,
P1,4.0,1.0,0.6498,1.0,
P1,4.0,2.0,0.5438,1.0,
P1,3.0,1.0,0.4968,1.0,
P1,4.0,2.0,0.7315,1.0,
P1,3.0,2.0,0.5804,1.0,
P1,4.0,2.0,0.6096,1.0,
P1,4.0,1.0,0.5637,1.0,
P1,3.0,2.0,0.4931,1.0,
P1,3.0,2.0,0.4756,1.0,
P1,4.0,2.0,0.5329,1.0,
P1,3.0,2.0,0.531,1.0,
P1,3.0,2.0,0.5298,0.0,
P1,4.0,1.0,0.48,1.0,
P1,4.0,2.0,0.4924,1.0,
P1,4.0,1.0,0.5499,1.0,
P1,4.0,2.0,0.4508,1.0,
P1,3.0,2.0,0.4799,1.0,
P1,4.0,2.0,0.5776,1.0,
P1,4.0,1.0,0.6773,1.0,
P1,3.0,1.0,0.4988,1.0,
P1,4.0,2.0,0.4779,1.0,
P1,4.0,2.0,0.532,1.0,
P1,4.0,2.0,0.6277,1.0,
P1,3.0,2.0,0.4948,1.0,
P1,3.0,1.0,0.7466,1.0,
P1,4.0,1.0,0.7429,1.0,
P1,4.0,2.0,0.5776,1.0,
P1,3.0,2.0,0.5492,1.0,
P1,4.0,2.0,0.4592,1.0,
P1,3.0,1.0,0.5284,0.0,
P1,4.0,2.0,0.5291,1.0,
P1,3.0,2.0,0.4973,1.0,
P1,4.0,2.0,0.4544,1.0,
P1,3.0,1.0,0.5502,1.0,
P1,3.0,2.0,0.5274,1.0,
P1,3.0,2.0,0.5501,1.0,
P1,3.0,1.0,0.5648,1.0,
P1,3.0,2.0,0.4957,0.0,
P1,3.0,2.0,0.548,1.0,
P1,3.0,2.0,0.5574,1.0,
P1,3.0,2.0,0.5438,1.0,
P1,3.0,1.0,0.5138,1.0,
P1,3.0,1.0,0.629,0.0,
P1,4.0,1.0,0.5109,1.0,
P1,3.0,2.0,0.5261,1.0,
P1,3.0,1.0,0.6273,1.0,
P1,3.0,2.0,0.4984,1.0,
P1,4.0,2.0,0.5177,1.0,
P1,4.0,1.0,0.7062,1.0,
P1,3.0,1.0,0.5522,1.0,
P1,3.0,2.0,0.6577,1.0,
P1,3.0,2.0,1.0331,1.0,
P1,3.0,1.0,0.5493,1.0,
P1,3.0,1.0,0.7297,1.0,
P1,4.0,1.0,0.5184,1.0,
P1,3.0,2.0,0.5776,1.0,
P1,4.0,2.0,0.58,1.0,
P1,4.0,2.0,0.7292,1.0,
P1,3.0,1.0,0.577,1.0,
P1,4.0,1.0,0.5135,1.0,
P1,3.0,2.0,0.6587,1.0,
P1,3.0,1.0,0.5747,1.0,
P1,3.0,2.0,0.5183,1.0,
P1,3.0,2.0,0.5987,1.0,
P1,3.0,2.0,0.4082,1.0,
P1,4.0,1.0,0.5177,0.0,
P1,4.0,2.0,0.4796,1.0,
P1,4.0,2.0,0.4898,1.0,
P1,3.0,2.0,0.5329,1.0,
P1,4.0,2.0,0.514,1.0,
P1,4.0,2.0,0.4815,1.0,
P1,3.0,2.0,0.6901,1.0,
P1,3.0,1.0,0.6166,1.0,
P1,4.0,1.0,0.4616,1.0,
P1,4.0,1.0,0.4765,1.0,
P1,4.0,1.0,0.4803,1.0,
P1,4.0,2.0,0.5092,1.0,
P1,3.0,2.0,0.6747,1.0,
P1,4.0,1.0,0.6629,1.0,
P1,4.0,2.0,0.5329,1.0,
P1,4.0,1.0,0.5926,1.0,
P1,4.0,2.0,0.6357,1.0,
P1,3.0,2.0,0.482,1.0,
P1,4.0,2.0,0.4999,1.0,
P1,4.0,2.0,0.5132,1.0,
P1,4.0,1.0,0.596,1.0,
P1,4.0,1.0,0.6441,0.0,
P1,3.0,2.0,0.6942,1.0,
P1,4.0,1.0,0.7301,1.0,
P1,3.0,2.0,0.5292,1.0,
P1,4.0,1.0,0.517,1.0,
P1,3.0,1.0,0.5744,1.0,
P1,3.0,1.0,0.524,1.0,
P1,4.0,2.0,0.5273,1.0,
P1,4.0,2.0,0.5749,1.0,
P1,4.0,1.0,0.5115,1.0,
P1,3.0,1.0,0.6473,1.0,
P1,3.0,2.0,0.5789,1.0,
P1,3.0,1.0,1.0092,1.0,
P1,4.0,1.0,0.5097,1.0,
P1,4.0,1.0,0.5796,1.0,
P1,3.0,1.0,0.4622,1.0,
P1,4.0,1.0,0.3758,1.0,
P1,4.0,2.0,0.5648,1.0,
P1,4.0,2.0,0.7088,1.0,
P1,3.0,1.0,0.6232,1.0,
P1,3.0,1.0,0.6777,1.0,
P1,3.0,1.0,0.7613,1.0,
P1,4.0,1.0,0.6963,1.0,
P1,3.0,1.0,0.8811,1.0,
P1,3.0,2.0,0.7284,1.0,
P1,4.0,2.0,0.4151,1.0,
P1,3.0,2.0,0.4965,1.0,
P1,3.0,1.0,0.4659,1.0,
P1,4.0,1.0,0.5215,1.0,
P1,3.0,2.0,0.5374,1.0,
P1,3.0,2.0,0.5625,1.0,
P1,3.0,1.0,0.5655,1.0,
P1,3.0,2.0,0.5658,1.0,
P1,4.0,2.0,0.5439,1.0,
P1,3.0,1.0,0.6306,1.0,
P1,3.0,2.0,0.4913,1.0,
P1,4.0,2.0,0.6276,1.0,
P1,4.0,1.0,0.6286,1.0,
P1,4.0,1.0,0.6608,1.0,
P1,4.0,2.0,0.5235,1.0,
P1,4.0,2.0,0.5232,1.0,
P1,3.0,2.0,0.5092,1.0,
P1,3.0,2.0,0.5338,1.0,
P1,4.0,2.0,0.4678,1.0,
P1,4.0,1.0,0.7082,1.0,
P1,4.0,1.0,0.5247,1.0,
P1,3.0,1.0,0.4281,1.0,
P1,4.0,1.0,1.0459,1.0,
P1,3.0,2.0,0.5284,1.0,
P1,4.0,2.0,0.5286,1.0,
P1,3.0,2.0,0.601,1.0,
P1,4.0,2.0,0.5166,1.0,
P1,3.0,1.0,0.6136,1.0,
P1,4.0,2.0,0.5275,1.0,
P1,3.0,1.0,0.5258,1.0,
P1,3.0,1.0,0.5248,0.0,
P1,3.0,1.0,0.5635,1.0,
P1,4.0,1.0,0.4784,1.0,
P1,3.0,2.0,0.7574,1.0,
P1,3.0,1.0,0.7591,1.0,
P1,3.0,1.0,0.5844,1.0,
P1,3.0,2.0,0.5295,1.0,
P1,4.0,1.0,0.5781,1.0,
P1,4.0,1.0,0.5821,1.0,
P1,3.0,2.0,0.5464,1.0,
P1,4.0,1.0,0.6175,1.0,
P1,3.0,1.0,0.4642,1.0,
P1,4.0,1.0,0.4616,1.0,
P1,4.0,1.0,0.462,1.0,
P1,3.0,1.0,0.475,1.0,
P1,4.0,2.0,0.4991,1.0,
P1,4.0,1.0,,0.0,
P1,4.0,1.0,0.5924,1.0,
P1,4.0,1.0,0.5108,1.0,
P1,3.0,1.0,0.5147,1.0,
P1,3.0,1.0,0.4742,1.0,
P1,4.0,2.0,0.5624,1.0,
P1,4.0,1.0,0.4473,1.0,
P1,4.0,2.0,0.6071,1.0,
P1,3.0,1.0,0.492,1.0,
P1,4.0,2.0,0.5288,1.0,
P1,3.0,1.0,0.5106,1.0,
P1,3.0,1.0,0.5141,1.0,
P1,3.0,1.0,0.4813,1.0,
P1,4.0,1.0,0.7801,1.0,
P1,3.0,1.0,0.6033,1.0,
P1,3.0,1.0,0.4665,1.0,
P1,3.0,1.0,0.4804,1.0,
P1,3.0,2.0,1.2818,1.0,
P1,4.0,1.0,0.5502,1.0,
P1,4.0,1.0,0.4802,1.0,
P1,3.0,2.0,0.5756,1.0,
P1,4.0,2.0,0.5267,1.0,
P1,4.0,2.0,0.4812,1.0,
P1,4.0,1.0,0.7162,1.0,
P1,3.0,1.0,0.4636,1.0,
P1,4.0,1.0,0.5325,1.0,
P1,4.0,2.0,0.5497,1.0,
P1,3.0,2.0,0.5804,1.0,
P1,3.0,2.0,0.5326,1.0,
P1,4.0,2.0,0.4472,1.0,
P1,4.0,2.0,0.4132,1.0,
P1,3.0,2.0,0.6047,1.0,
P1,3.0,1.0,0.5278,1.0,
P1,3.0,2.0,0.4941,1.0,
P1,3.0,2.0,0.529,1.0,
P1,3.0,2.0,0.4314,0.0,
P1,3.0,1.0,0.4489,1.0,
P1,4.0,2.0,0.499,1.0,
P1,3.0,2.0,0.6447,1.0,
P1,3.0,1.0,0.4482,1.0,
P1,4.0,2.0,0.4643,1.0,
P1,3.0,1.0,0.4277,0.0,
P1,4.0,2.0,0.5125,1.0,
P1,3.0,1.0,0.5093,0.0,
P1,3.0,1.0,0.5997,1.0,
P1,4.0,2.0,0.514,1.0,
P1,3.0,1.0,0.532,1.0,
P1,4.0,1.0,0.5476,1.0,
P1,4.0,1.0,0.6498,1.0,
P1,4.0,2.0,0.591,1.0,
P1,4.0,1.0,0.4953,1.0,
P1,3.0,2.0,0.5503,1.0,
P1,3.0,1.0,0.4407,1.0,
P1,4.0,1.0,0.4729,1.0,
P1,3.0,1.0,0.4132,1.0,
P1,4.0,2.0,0.5341,1.0,
P1,4.0,1.0,0.5609,1.0,
P1,4.0,2.0,0.4918,1.0,
P1,3.0,1.0,0.6297,1.0,
P1,4.0,1.0,0.4173,1.0,
P1,4.0,1.0,0.4361,1.0,
P1,3.0,1.0,0.5802,1.0,
P1,4.0,1.0,0.5481,1.0,
P1,4.0,2.0,0.6092,1.0,
P1,4.0,2.0,0.5454,1.0,
P1,3.0,2.0,0.7259,1.0,
P1,4.0,2.0,0.4478,1.0,
P1,4.0,1.0,0.4118,1.0,
P1,4.0,1.0,0.4617,1.0,
P1,4.0,2.0,0.5126,1.0,
P1,3.0,2.0,0.4829,1.0,
P1,3.0,1.0,0.6423,1.0,
P1,3.0,2.0,0.561,1.0,
P1,3.0,2.0,0.5244,1.0,
P1,3.0,2.0,0.5093,1.0,
P1,3.0,2.0,0.4988,1.0,
P1,4.0,1.0,0.4268,1.0,
P1,3.0,1.0,0.7559,1.0,
P1,3.0,2.0,0.5748,1.0,
P1,4.0,1.0,0.5811,1.0,
P1,3.0,1.0,0.5475,1.0,
P1,3.0,2.0,0.5319,1.0,
P1,4.0,1.0,0.4992,1.0,
P1,4.0,2.0,0.5012,1.0,
P1,4.0,2.0,0.5643,1.0,
P1,4.0,2.0,0.4781,1.0,
P1,4.0,2.0,0.5501,1.0,
P1,4.0,2.0,0.4961,1.0,
P1,4.0,2.0,0.592,1.0,
P1,3.0,1.0,0.5269,1.0,
P1,4.0,2.0,0.5666,0.0,
P1,3.0,1.0,0.5395,1.0,
P1,3.0,2.0,0.7048,1.0,
P1,3.0,2.0,0.4903,1.0,
P1,4.0,1.0,0.5256,1.0,
P1,4.0,1.0,0.516,1.0,
P1,4.0,2.0,0.4818,1.0,
P1,3.0,1.0,0.6497,1.0,
P1,4.0,1.0,0.7312,1.0,
P1,3.0,2.0,0.4991,1.0,
P1,4.0,1.0,0.4541,1.0,
P1,3.0,2.0,0.4578,1.0,
P1,3.0,2.0,0.5425,1.0,
P1,3.0,2.0,0.5846,1.0,
P1,3.0,1.0,0.4253,1.0,
P1,4.0,2.0,0.4796,1.0,
P1,3.0,2.0,0.5318,1.0,
P1,3.0,1.0,0.4745,0.0,
P1,4.0,2.0,0.4913,1.0,
P1,3.0,2.0,0.532,1.0,
P1,4.0,2.0,0.459,1.0,
P1,3.0,2.0,0.5117,1.0,
P1,3.0,1.0,0.6308,1.0,
P1,4.0,1.0,0.444,1.0,
P1,4.0,1.0,0.511,1.0,
P1,3.0,1.0,0.5915,1.0,
P1,4.0,2.0,0.534,1.0,
P1,4.0,1.0,0.5271,1.0,
P1,3.0,1.0,0.4768,1.0,
P1,3.0,1.0,0.5137,1.0,
P1,4.0,1.0,0.5999,1.0,
P1,3.0,1.0,0.4595,1.0,
P1,3.0,1.0,0.5095,1.0,
P1,3.0,2.0,0.5618,1.0,
P1,3.0,1.0,0.8135,1.0,
P1,4.0,1.0,0.6629,1.0,
P1,3.0,1.0,0.3982,1.0,
P1,4.0,2.0,0.4579,1.0,
P1,4.0,2.0,0.5114,1.0,
P1,3.0,2.0,0.4823,1.0,
P1,3.0,1.0,0.4282,1.0,
P1,4.0,2.0,0.5471,1.0,
P1,4.0,1.0,0.6171,1.0,
P1,3.0,2.0,0.5196,1.0,
P1,3.0,1.0,0.4867,1.0,
P1,3.0,1.0,0.4307,1.0,
P1,4.0,2.0,0.5016,1.0,
P1,3.0,1.0,0.0667,1.0,
P1,4.0,1.0,0.4495,1.0,
P1,4.0,1.0,0.4521,1.0,
P1,4.0,1.0,0.4903,1.0,
P1,4.0,2.0,0.4249,1.0,
P1,3.0,2.0,0.7506,1.0,
P1,3.0,2.0,0.4473,1.0,
P1,4.0,2.0,0.5907,1.0,
P1,4.0,2.0,0.4515,1.0,
P1,4.0,2.0,0.4639,1.0,
P1,4.0,1.0,0.4716,1.0,
P1,3.0,1.0,0.4616,1.0,
P1,4.0,2.0,0.3936,0.0,
P1,4.0,2.0,0.4913,1.0,
P1,4.0,1.0,0.6237,1.0,
P1,3.0,2.0,0.5593,1.0,
P1,3.0,2.0,0.4509,1.0,
P1,4.0,2.0,0.523,1.0,
P1,3.0,1.0,0.689,1.0,
P1,4.0,1.0,0.6279,1.0,
P1,4.0,1.0,0.5333,1.0,
P1,3.0,1.0,0.4625,1.0,
P1,3.0,2.0,0.4799,1.0,
P1,3.0,2.0,0.4649,0.0,
P1,4.0,1.0,0.9788,1.0,
P1,3.0,2.0,0.594,1.0,
P1,4.0,2.0,0.4128,1.0,
P1,3.0,2.0,0.4445,1.0,
P1,4.0,1.0,0.5789,1.0,
P1,3.0,1.0,0.6549,1.0,
P1,3.0,2.0,0.5271,1.0,
P1,4.0,1.0,0.5622,1.0,
P1,4.0,2.0,0.5142,1.0,
P1,3.0,1.0,0.4933,1.0,
P1,4.0,1.0,0.4948,1.0,
P1,4.0,2.0,0.5675,1.0,
P1,3.0,1.0,0.6499,1.0,
P1,4.0,2.0,0.5498,1.0,
P1,3.0,2.0,0.4993,1.0,
P1,3.0,1.0,0.5265,1.0,
P1,3.0,2.0,0.4445,1.0,
P1,4.0,1.0,0.5137,1.0,
P1,3.0,2.0,0.491,1.0,
P1,3.0,2.0,0.5116,1.0,
P1,4.0,1.0,0.5245,1.0,
P1,4.0,2.0,0.441,1.0,
P1,4.0,1.0,0.5145,1.0,
P1,4.0,1.0,0.465,1.0,
P1,3.0,1.0,0.4957,1.0,
P1,3.0,1.0,0.5071,1.0,
P1,4.0,2.0,0.4614,1.0,
P1,3.0,1.0,0.4753,1.0,
P1,4.0,1.0,0.5517,1.0,
P1,3.0,1.0,0.497,1.0,
P1,3.0,2.0,0.4749,1.0,
P1,4.0,2.0,0.4461,1.0,
P1,3.0,1.0,0.4748,1.0,
P1,3.0,1.0,0.4295,1.0,
P1,4.0,1.0,0.502,1.0,
P1,4.0,1.0,0.4523,1.0,
P1,4.0,1.0,0.3648,1.0,
P1,3.0,2.0,0.5452,0.0,
P1,3.0,1.0,0.4728,1.0,
P1,3.0,1.0,0.4257,1.0,
P1,3.0,2.0,0.5129,1.0,
P1,4.0,1.0,0.4448,1.0,
P1,4.0,1.0,0.5269,1.0,
P1,4.0,1.0,0.4147,1.0,
P1,4.0,1.0,0.3981,1.0,
P1,4.0,2.0,0.4658,1.0,
P1,3.0,1.0,0.4824,1.0,
P1,3.0,2.0,0.5197,1.0,
P1,3.0,2.0,0.544,1.0,
P1,4.0,1.0,0.5471,1.0,
P1,3.0,1.0,0.5278,1.0,
P1,4.0,2.0,0.5346,1.0,
P1,3.0,2.0,0.5336,1.0,
P1,3.0,2.0,0.4643,0.0,
P1,4.0,2.0,0.5623,1.0,
P1,3.0,2.0,0.6823,1.0,
P1,4.0,1.0,0.45,1.0,
P1,4.0,1.0,0.4608,1.0,
P1,4.0,2.0,0.5763,1.0,
P1,3.0,1.0,0.585,1.0,
P1,4.0,2.0,0.5149,1.0,
P1,4.0,1.0,0.6479,1.0,
P1,3.0,1.0,0.4151,1.0,
P1,4.0,2.0,0.5331,1.0,
P1,4.0,1.0,0.7667,1.0,
P1,3.0,2.0,1.0292,1.0,
P1,4.0,2.0,0.699,1.0,
P1,4.0,2.0,0.9461,1.0,
P1,3.0,2.0,0.4797,1.0,
P1,4.0,1.0,0.6814,1.0,
P1,4.0,1.0,0.7802,1.0,
P1,4.0,1.0,0.5303,1.0,
P1,3.0,1.0,0.6661,1.0,
P1,4.0,1.0,0.4189,1.0,
P1,4.0,1.0,0.4692,1.0,
P1,4.0,2.0,0.5021,1.0,
P1,3.0,2.0,0.4469,1.0,
P1,4.0,2.0,0.4324,1.0,
P1,3.0,2.0,0.4957,1.0,
P1,3.0,2.0,0.4437,1.0,
P1,3.0,1.0,0.5079,1.0,
P1,3.0,1.0,0.6069,1.0,
P1,3.0,2.0,0.5639,1.0,
P1,3.0,1.0,0.6456,1.0,
P1,4.0,2.0,0.6446,1.0,
P1,4.0,2.0,0.6004,1.0,
P1,3.0,2.0,0.4431,1.0,
P1,3.0,2.0,0.4292,1.0,
P1,3.0,1.0,0.4985,1.0,
P1,3.0,1.0,0.4752,0.0,
P1,4.0,1.0,0.563,1.0,
P1,4.0,1.0,0.4081,1.0,
P1,3.0,1.0,0.4439,1.0,
P1,3.0,1.0,0.4497,1.0,
P1,3.0,1.0,0.6134,1.0,
P1,3.0,2.0,0.5814,1.0,
P1,3.0,1.0,0.6829,1.0,
P1,3.0,1.0,0.5933,1.0,
P1,3.0,1.0,0.5244,1.0,
P1,3.0,1.0,0.5476,1.0,
P1,4.0,1.0,0.4953,1.0,
P1,4.0,1.0,0.5137,1.0,
P1,4.0,2.0,0.5302,1.0,
P1,3.0,2.0,0.6571,1.0,
P1,3.0,2.0,0.4677,1.0,
P1,4.0,2.0,0.6305,1.0,
P1,4.0,2.0,0.5496,1.0,
P1,3.0,2.0,0.5999,1.0,
P1,3.0,2.0,0.5325,1.0,
P1,4.0,1.0,0.5741,1.0,
P1,4.0,1.0,0.3916,1.0,
P1,4.0,2.0,0.4594,1.0,
P1,4.0,1.0,0.6818,1.0,
P1,3.0,2.0,0.5622,1.0,
P1,4.0,2.0,0.5932,1.0,
P1,3.0,2.0,0.436,1.0,
P1,3.0,1.0,0.5432,1.0,
P1,3.0,2.0,0.4796,1.0,
P1,3.0,1.0,0.5999,1.0,
P1,3.0,1.0,0.46,1.0,
P1,4.0,2.0,0.466,1.0,
P1,3.0,1.0,0.6332,1.0,
P1,4.0,2.0,0.6491,1.0,
P1,3.0,1.0,0.5488,1.0,
P1,3.0,2.0,0.6453,0.0,
P1,3.0,2.0,0.8569,1.0,
P1,4.0,1.0,0.7548,1.0,
P1,4.0,2.0,0.5278,1.0,
P1,3.0,2.0,0.5323,1.0,
P1,4.0,2.0,0.4813,1.0,
P1,4.0,2.0,0.4643,1.0,
P1,4.0,2.0,0.5566,1.0,
P1,4.0,2.0,0.4626,1.0,
P1,4.0,1.0,0.5793,1.0,
P1,4.0,1.0,0.4128,1.0,
P1,3.0,1.0,0.6457,1.0,
P1,4.0,1.0,0.707,1.0,
P1,4.0,1.0,0.4495,1.0,
P1,4.0,2.0,0.5797,1.0,
P1,4.0,2.0,0.4532,1.0,
P1,4.0,2.0,0.4511,1.0,
P1,4.0,1.0,0.6638,1.0,
P1,3.0,2.0,0.6459,1.0,
P1,4.0,2.0,0.5494,1.0,
P1,3.0,2.0,0.4646,1.0,
P1,3.0,1.0,0.547,1.0,
P1,3.0,2.0,0.5258,1.0,
P1,4.0,2.0,0.4117,1.0,
P1,4.0,1.0,0.5468,1.0,
P1,4.0,1.0,0.6801,1.0,
P1,4.0,1.0,0.4317,1.0,
P1,4.0,2.0,0.5169,1.0,
P1,3.0,1.0,0.6285,1.0,
P1,4.0,1.0,0.5074,1.0,
P1,4.0,1.0,0.544,1.0,
P1,4.0,1.0,0.431,1.0,
P1,3.0,2.0,0.4754,1.0,
P1,3.0,1.0,0.682,1.0,
P1,3.0,2.0,0.4958,1.0,
P1,4.0,2.0,0.4408,1.0,
P1,3.0,2.0,0.6319,1.0,
P1,4.0,1.0,0.5645,0.0,
P1,4.0,2.0,0.6501,1.0,
P1,3.0,2.0,0.6016,1.0,
P1,3.0,2.0,0.4657,1.0,
P1,3.0,1.0,0.5567,1.0,
P1,4.0,2.0,0.4457,1.0,
P1,3.0,2.0,0.4963,1.0,
P1,3.0,1.0,0.5998,1.0,
P1,4.0,1.0,0.4625,1.0,
P1,3.0,1.0,0.4739,1.0,
P1,3.0,2.0,0.5369,1.0,
P1,3.0,1.0,0.7012,1.0,
P1,3.0,2.0,0.5658,1.0,
P1,3.0,1.0,0.5826,1.0,
P1,3.0,2.0,0.611,1.0,
P1,4.0,1.0,0.6963,1.0,
P1,3.0,1.0,0.7279,1.0,
P1,3.0,1.0,0.7591,0.0,
P1,4.0,1.0,0.439,1.0,
P1,4.0,1.0,0.5124,1.0,
P1,3.0,2.0,0.5752,1.0,
P1,4.0,1.0,0.6918,1.0,
P1,3.0,2.0,0.5649,1.0,
P1,3.0,2.0,0.5336,1.0,
P1,3.0,1.0,0.6133,1.0,
P1,3.0,2.0,0.5578,0.0,
P1,3.0,2.0,0.8431,1.0,
P1,4.0,1.0,0.7739,1.0,
P1,4.0,1.0,0.5687,1.0,
P1,3.0,2.0,0.5645,1.0,
P1,3.0,1.0,0.694,1.0,
P1,3.0,1.0,0.5261,1.0,
P1,3.0,2.0,0.5931,1.0,
P1,4.0,2.0,0.4998,1.0,
P1,3.0,1.0,0.5617,1.0,
P1,3.0,2.0,0.5596,1.0,
P2,3.0,1.0,0.5999,1.0,
P2,4.0,2.0,0.585,1.0,
P2,3.0,1.0,0.5647,1.0,
P2,4.0,2.0,0.5972,1.0,
P2,3.0,1.0,0.6151,1.0,
P2,4.0,2.0,0.5852,1.0,
P2,3.0,1.0,0.6144,1.0,
P2,4.0,1.0,0.5478,1.0,
P2,4.0,1.0,0.6291,1.0,
P2,4.0,1.0,0.5547,1.0,
P2,3.0,2.0,0.6146,1.0,
P2,4.0,2.0,0.5458,0.0,
P2,4.0,1.0,0.663,1.0,
P2,4.0,1.0,0.582,1.0,
P2,3.0,2.0,0.6121,1.0,
P2,4.0,2.0,0.6332,1.0,
P2,3.0,1.0,0.5663,1.0,
P2,3.0,2.0,0.6776,1.0,
P2,3.0,2.0,0.6122,1.0,
P2,3.0,1.0,0.5149,1.0,
P2,3.0,1.0,0.581,1.0,
P2,4.0,1.0,0.5322,1.0,
P2,4.0,1.0,0.5302,1.0,
P2,3.0,2.0,0.5621,1.0,
P2,4.0,1.0,0.6685,1.0,
P2,4.0,2.0,0.5313,1.0,
P2,4.0,1.0,0.5152,1.0,
P2,4.0,2.0,0.5687,1.0,
P2,3.0,1.0,0.5815,1.0,
P2,4.0,1.0,0.5647,1.0,
P2,3.0,1.0,0.5984,1.0,
P2,4.0,1.0,1.2537,1.0,
P2,3.0,1.0,0.6304,1.0,
P2,4.0,2.0,0.8123,1.0,
P2,4.0,2.0,0.5806,1.0,
P2,3.0,1.0,0.6137,1.0,
P2,4.0,2.0,0.5306,1.0,
P2,3.0,1.0,0.5653,1.0,
P2,3.0,2.0,0.5547,1.0,
P2,4.0,2.0,0.6806,1.0,
P2,4.0,2.0,0.4821,1.0,
P2,3.0,1.0,0.5827,1.0,
P2,4.0,1.0,0.5144,1.0,
P2,4.0,2.0,0.7477,1.0,
P2,3.0,2.0,0.44,1.0,
P2,3.0,1.0,0.4313,1.0,
P2,4.0,2.0,0.5147,1.0,
P2,4.0,1.0,0.567,1.0,
P2,4.0,1.0,0.638,1.0,
P2,4.0,1.0,0.4544,1.0,
P2,3.0,2.0,0.5187,1.0,
P2,3.0,1.0,0.5028,1.0,
P2,3.0,1.0,0.3817,1.0,
P2,3.0,1.0,0.5843,1.0,
P2,4.0,1.0,0.497,1.0,
P2,3.0,2.0,0.4956,1.0,
P2,3.0,1.0,0.4807,1.0,
P2,3.0,2.0,0.5305,1.0,
P2,4.0,2.0,0.5294,1.0,
P2,4.0,1.0,0.6151,1.0,
P2,3.0,1.0,0.6009,1.0,
P2,4.0,2.0,0.6012,1.0,
P2,3.0,1.0,0.5217,1.0,
P2,3.0,1.0,0.6119,1.0,
P2,4.0,2.0,0.448,1.0,
P2,4.0,2.0,0.6028,1.0,
P2,4.0,2.0,0.6211,0.0,
P2,3.0,2.0,0.5809,1.0,
P2,3.0,2.0,0.5974,1.0,
P2,4.0,1.0,0.3647,1.0,
P2,3.0,1.0,0.5324,1.0,
P2,3.0,1.0,0.4495,1.0,
P2,3.0,1.0,0.4549,1.0,
P2,4.0,2.0,0.6315,1.0,
P2,4.0,1.0,0.501,1.0,
P2,4.0,2.0,0.6137,1.0,
P2,4.0,2.0,0.6279,1.0,
P2,3.0,2.0,0.5316,1.0,
P2,3.0,2.0,0.4822,1.0,
P2,3.0,1.0,0.504,1.0,
P2,3.0,1.0,0.6977,0.0,
P2,4.0,2.0,0.6633,1.0,
P2,4.0,2.0,0.5114,1.0,
P2,3.0,1.0,0.7476,1.0,
P2,4.0,2.0,0.5481,1.0,
P2,3.0,2.0,0.3997,1.0,
P2,4.0,2.0,0.4655,1.0,
P2,4.0,2.0,0.4989,1.0,
P2,3.0,2.0,0.7635,1.0,
P2,4.0,1.0,0.8696,1.0,
P2,3.0,2.0,0.5484,1.0,
P2,3.0,2.0,0.6673,1.0,
P2,3.0,1.0,0.5471,1.0,
P2,3.0,2.0,0.5341,1.0,
P2,4.0,1.0,0.4987,1.0,
P2,4.0,2.0,0.4641,1.0,
P2,4.0,2.0,0.598,1.0,
P2,3.0,1.0,0.5476,1.0,
P2,3.0,2.0,0.6636,1.0,
P2,4.0,1.0,0.553,1.0,
P2,4.0,2.0,0.5371,1.0,
P2,4.0,1.0,0.5314,1.0,
P2,4.0,1.0,0.4981,0.0,
P2,4.0,1.0,0.9498,1.0,
P2,4.0,1.0,0.4824,1.0,
P2,4.0,2.0,0.4506,0.0,
P2,4.0,2.0,0.5546,1.0,
P2,3.0,2.0,0.5161,1.0,
P2,4.0,1.0,0.5321,1.0,
P2,3.0,1.0,0.4144,1.0,
P2,4.0,2.0,0.5118,1.0,
P2,4.0,1.0,0.6335,1.0,
P2,4.0,1.0,0.3818,1.0,
P2,4.0,2.0,0.471,1.0,
P2,3.0,1.0,0.7721,1.0,
P2,3.0,1.0,0.4829,1.0,
P2,4.0,1.0,0.3686,1.0,
P2,3.0,2.0,0.4856,1.0,
P2,4.0,2.0,0.5799,1.0,
P2,3.0,1.0,0.5376,1.0,
P2,4.0,1.0,0.4975,1.0,
P2,3.0,2.0,0.5842,1.0,
P2,4.0,1.0,0.5166,1.0,
P2,3.0,2.0,0.516,1.0,
P2,4.0,2.0,0.4849,1.0,
P2,3.0,2.0,0.6638,1.0,
P2,4.0,1.0,0.4646,1.0,
P2,4.0,1.0,0.5165,1.0,
P2,3.0,1.0,0.4647,1.0,
P2,4.0,1.0,0.3975,1.0,
P2,4.0,1.0,0.432,1.0,
P2,4.0,2.0,0.5441,1.0,
P2,4.0,2.0,0.4376,1.0,
P2,3.0,2.0,0.547,1.0,
P2,3.0,1.0,0.4813,1.0,
P2,4.0,1.0,0.5982,1.0,
P2,3.0,2.0,0.5325,1.0,
P2,3.0,2.0,0.6143,1.0,
P2,3.0,1.0,0.5059,1.0,
P2,3.0,2.0,0.5135,1.0,
P2,4.0,2.0,0.7337,1.0,
P2,4.0,2.0,0.3979,0.0,
P2,3.0,2.0,0.5471,1.0,
P2,4.0,2.0,0.5808,1.0,
P2,4.0,2.0,0.4607,1.0,
P2,3.0,2.0,0.8162,1.0,
P2,4.0,1.0,0.5539,1.0,
P2,4.0,2.0,0.4454,1.0,
P2,3.0,1.0,0.4776,1.0,
P2,4.0,2.0,0.5152,1.0,
P2,3.0,1.0,0.4465,0.0,
P2,4.0,2.0,0.7014,1.0,
P2,3.0,1.0,0.4855,1.0,
P2,3.0,1.0,0.4151,1.0,
P2,4.0,1.0,0.5492,1.0,
P2,3.0,2.0,0.6494,1.0,
P2,3.0,2.0,0.6769,1.0,
P2,4.0,2.0,0.5513,1.0,
P2,4.0,2.0,0.4292,1.0,
P2,4.0,1.0,0.4775,1.0,
P2,4.0,1.0,0.3858,1.0,
P2,4.0,2.0,0.5449,1.0,
P2,3.0,2.0,0.5526,1.0,
P2,3.0,1.0,0.6146,1.0,
P2,4.0,2.0,0.5312,1.0,
P2,3.0,2.0,0.6152,1.0,
P2,4.0,1.0,0.531,1.0,
P2,3.0,1.0,0.4879,1.0,
P2,4.0,1.0,0.5052,1.0,
P2,4.0,2.0,0.5972,1.0,
P2,3.0,2.0,0.597,1.0,
P2,4.0,2.0,0.5336,1.0,
P2,4.0,1.0,0.5184,1.0,
P2,4.0,2.0,0.6662,1.0,
P2,3.0,2.0,0.5989,1.0,
P2,4.0,2.0,0.5682,1.0,
P2,3.0,2.0,0.5486,1.0,
P2,3.0,1.0,0.5162,1.0,
P2,4.0,2.0,0.5316,1.0,
P2,4.0,2.0,0.6165,1.0,
P2,3.0,2.0,0.7163,1.0,
P2,4.0,2.0,0.5653,1.0,
P2,3.0,2.0,0.4318,1.0,
P2,3.0,1.0,0.4864,1.0,
P2,4.0,1.0,0.4163,1.0,
P2,4.0,2.0,0.5036,1.0,
P2,4.0,1.0,0.4833,1.0,
P2,4.0,2.0,0.5166,1.0,
P2,3.0,1.0,0.6488,1.0,
P2,4.0,2.0,0.4799,1.0,
P2,4.0,2.0,0.5147,1.0,
P2,4.0,1.0,0.447,1.0,
P2,3.0,1.0,0.4174,1.0,
P2,3.0,1.0,0.3618,1.0,
P2,3.0,2.0,0.5508,1.0,
P2,4.0,2.0,0.5647,1.0,
P2,3.0,2.0,0.6026,0.0,
P2,4.0,2.0,0.5337,1.0,
P2,4.0,2.0,0.4517,1.0,
P2,3.0,1.0,0.5204,1.0,
P2,4.0,1.0,0.6331,1.0,
P2,4.0,1.0,0.3494,1.0,
P2,3.0,2.0,0.5857,1.0,
P2,3.0,2.0,0.5375,1.0,
P2,4.0,1.0,1.0447,0.0,
P2,4.0,1.0,0.4994,0.0,
P2,4.0,1.0,0.4633,1.0,
P2,4.0,2.0,0.5187,1.0,
P2,4.0,2.0,0.5146,1.0,
P2,3.0,2.0,0.5134,1.0,
P2,4.0,2.0,0.5463,1.0,
P2,3.0,2.0,0.4844,1.0,
P2,4.0,2.0,0.78,1.0,
P2,3.0,1.0,0.6134,1.0,
P2,4.0,2.0,0.498,1.0,
P2,4.0,1.0,0.5826,1.0,
P2,4.0,2.0,0.8481,1.0,
P2,3.0,1.0,0.598,1.0,
P2,3.0,2.0,0.5482,1.0,
P2,3.0,2.0,0.5326,1.0,
P2,4.0,1.0,0.4827,1.0,
P2,4.0,1.0,0.3501,1.0,
P2,3.0,2.0,0.5144,1.0,
P2,3.0,1.0,0.4646,1.0,
P2,4.0,2.0,0.4779,1.0,
P2,3.0,2.0,0.5119,1.0,
P2,4.0,2.0,0.5122,1.0,
P2,3.0,2.0,0.4156,0.0,
P2,3.0,1.0,0.6598,1.0,
P2,4.0,1.0,0.4496,1.0,
P2,3.0,2.0,0.5502,1.0,
P2,4.0,1.0,0.4627,1.0,
P2,4.0,2.0,0.4918,1.0,
P2,3.0,2.0,0.4671,1.0,
P2,3.0,2.0,0.4521,1.0,
P2,3.0,1.0,0.5834,1.0,
P2,3.0,2.0,0.5353,1.0,
P2,3.0,2.0,0.6035,1.0,
P2,3.0,2.0,0.4635,1.0,
P2,4.0,1.0,0.5336,0.0,
P2,3.0,2.0,0.565,1.0,
P2,4.0,2.0,0.4979,1.0,
P2,3.0,2.0,0.6357,1.0,
P2,3.0,2.0,0.4808,1.0,
P2,4.0,1.0,0.3838,1.0,
P2,3.0,2.0,0.5514,1.0,
P2,4.0,1.0,0.4307,1.0,
P2,3.0,2.0,0.4666,1.0,
P2,4.0,2.0,0.566,1.0,
P2,3.0,1.0,0.4158,1.0,
P2,3.0,2.0,0.652,1.0,
P2,4.0,2.0,0.5115,1.0,
P2,3.0,1.0,0.6485,1.0,
P2,4.0,1.0,0.5123,1.0,
P2,3.0,1.0,0.5674,1.0,
P2,4.0,2.0,0.5859,1.0,
P2,4.0,1.0,0.4136,1.0,
P2,3.0,2.0,0.5173,1.0,
P2,3.0,1.0,0.6366,1.0,
P2,3.0,1.0,0.3848,1.0,
P2,3.0,2.0,0.4853,1.0,
P2,3.0,2.0,0.6145,1.0,
P2,4.0,2.0,0.532,1.0,
P2,4.0,1.0,0.4456,1.0,
P2,3.0,2.0,0.5022,1.0,
P2,4.0,1.0,0.5672,1.0,
P2,3.0,1.0,0.5043,1.0,
P2,3.0,1.0,0.4326,1.0,
P2,3.0,1.0,0.3679,1.0,
P2,4.0,1.0,0.4625,1.0,
P2,4.0,1.0,0.4027,1.0,
P2,3.0,1.0,0.4286,1.0,
P2,4.0,1.0,0.4532,1.0,
P2,4.0,1.0,0.381,1.0,
P2,3.0,2.0,0.4987,1.0,
P2,3.0,1.0,0.4271,1.0,
P2,4.0,2.0,0.6164,1.0,
P2,3.0,2.0,0.4967,1.0,
P2,3.0,1.0,0.3877,1.0,
P2,4.0,2.0,0.5035,1.0,
P2,4.0,1.0,0.4132,1.0,
P2,4.0,2.0,0.5708,1.0,
P2,4.0,1.0,0.483,1.0,
P2,4.0,2.0,0.5303,1.0,
P2,4.0,2.0,0.5669,1.0,
P2,3.0,1.0,0.5468,1.0,
P2,3.0,1.0,0.3826,1.0,
P2,4.0,1.0,0.4988,1.0,
P2,3.0,2.0,0.5826,1.0,
P2,4.0,1.0,0.4164,1.0,
P2,3.0,2.0,0.5031,1.0,
P2,3.0,2.0,0.6496,1.0,
P2,4.0,1.0,0.4676,1.0,
P2,4.0,1.0,0.5312,1.0,
P2,4.0,2.0,0.4828,1.0,
P2,4.0,1.0,0.4558,1.0,
P2,4.0,1.0,0.4704,1.0,
P2,3.0,1.0,0.4373,1.0,
P2,4.0,2.0,0.4664,1.0,
P2,3.0,1.0,0.7001,1.0,
P2,3.0,1.0,0.4196,1.0,
P2,3.0,2.0,0.5024,1.0,
P2,4.0,2.0,0.4659,1.0,
P2,4.0,2.0,0.514,1.0,
P2,3.0,2.0,0.4625,1.0,
P2,3.0,1.0,0.3514,1.0,
P2,3.0,2.0,0.4612,1.0,
P2,3.0,1.0,0.4329,1.0,
P2,4.0,2.0,0.4648,1.0,
P2,3.0,2.0,0.4773,1.0,
P2,3.0,1.0,0.5521,1.0,
P2,4.0,2.0,0.4628,1.0,
P2,3.0,2.0,0.5805,1.0,
P2,3.0,2.0,0.4982,1.0,
P2,4.0,2.0,0.4981,1.0,
P2,3.0,1.0,0.4306,1.0,
P2,3.0,2.0,0.4804,1.0,
P2,3.0,1.0,0.3908,1.0,
P2,3.0,1.0,0.5631,1.0,
P2,4.0,1.0,0.4706,1.0,
P2,4.0,1.0,0.4151,1.0,
P2,3.0,1.0,0.3509,1.0,
P2,4.0,2.0,0.5341,0.0,
P2,3.0,1.0,0.4313,1.0,
P2,3.0,2.0,0.7159,0.0,
P2,3.0,2.0,0.5327,1.0,
P2,4.0,2.0,0.5675,1.0,
P2,3.0,2.0,0.4159,1.0,
P2,4.0,2.0,0.5315,1.0,
P2,4.0,1.0,0.4313,1.0,
P2,4.0,2.0,0.7144,1.0,
P2,4.0,1.0,0.4692,1.0,
P2,4.0,2.0,0.5357,1.0,
P2,4.0,1.0,0.4137,1.0,
P2,4.0,2.0,0.5837,1.0,
P2,4.0,1.0,0.3627,1.0,
P2,4.0,2.0,0.4352,1.0,
P2,3.0,2.0,0.5136,1.0,
P2,4.0,2.0,0.8105,1.0,
P2,4.0,2.0,0.5855,1.0,
P2,4.0,1.0,0.5508,1.0,
P2,3.0,1.0,0.4475,1.0,
P2,4.0,2.0,0.5662,1.0,
P2,4.0,1.0,0.5026,1.0,
P2,4.0,2.0,0.4847,1.0,
P2,4.0,2.0,0.6113,1.0,
P2,4.0,1.0,0.3968,0.0,
P2,4.0,2.0,0.6271,1.0,
P2,3.0,1.0,0.4803,1.0,
P2,4.0,2.0,0.5031,1.0,
P2,3.0,1.0,0.8847,1.0,
P2,4.0,1.0,0.3845,1.0,
P2,3.0,1.0,0.4162,1.0,
P2,4.0,2.0,0.5147,1.0,
P2,3.0,1.0,0.5175,1.0,
P2,3.0,2.0,0.4152,0.0,
P2,3.0,1.0,0.4169,1.0,
P2,4.0,1.0,0.6524,1.0,
P2,4.0,1.0,0.4326,1.0,
P2,3.0,2.0,0.6152,1.0,
P2,3.0,1.0,0.696,1.0,
P2,4.0,1.0,0.6184,1.0,
P2,3.0,2.0,0.5142,1.0,
P2,3.0,1.0,0.614,1.0,
P2,3.0,2.0,0.5979,1.0,
P2,4.0,1.0,0.5827,1.0,
P2,3.0,2.0,0.6189,1.0,
P2,3.0,2.0,0.7147,1.0,
P2,4.0,2.0,0.5327,1.0,
P2,3.0,1.0,0.5506,1.0,
P2,4.0,1.0,0.4503,1.0,
P2,4.0,1.0,0.3653,1.0,
P2,3.0,1.0,0.4167,1.0,
P2,3.0,1.0,0.3499,1.0,
P2,3.0,1.0,0.3319,1.0,
P2,3.0,1.0,0.4322,1.0,
P2,4.0,1.0,0.3827,1.0,
P2,4.0,1.0,0.6003,1.0,
P2,3.0,2.0,0.3524,0.0,
P2,3.0,1.0,0.5158,1.0,
P2,4.0,2.0,0.6315,1.0,
P2,3.0,2.0,0.505,0.0,
P2,4.0,1.0,0.4312,1.0,
P2,4.0,2.0,0.6018,1.0,
P2,3.0,2.0,0.3649,1.0,
P2,4.0,2.0,0.4156,1.0,
P2,3.0,1.0,0.5144,1.0,
P2,3.0,1.0,0.4658,1.0,
P2,4.0,2.0,0.4978,1.0,
P2,3.0,2.0,0.5495,1.0,
P2,4.0,2.0,0.4983,1.0,
P2,3.0,2.0,0.5143,1.0,
P2,4.0,1.0,0.5981,1.0,
P2,3.0,1.0,0.4676,1.0,
P2,4.0,1.0,0.4326,1.0,
P2,3.0,1.0,0.416,1.0,
P2,4.0,1.0,0.4039,1.0,
P2,4.0,2.0,0.5308,1.0,
P2,3.0,1.0,0.447,1.0,
P2,3.0,2.0,0.4997,1.0,
P2,4.0,1.0,0.5492,1.0,
P2,4.0,1.0,0.6218,1.0,
P2,4.0,1.0,0.4501,1.0,
P2,3.0,2.0,0.482,1.0,
P2,3.0,2.0,0.5854,1.0,
P2,4.0,2.0,0.4648,1.0,
P2,4.0,1.0,0.6513,1.0,
P2,4.0,2.0,0.8966,1.0,
P2,4.0,2.0,0.5043,1.0,
P2,3.0,1.0,0.448,1.0,
P2,4.0,2.0,0.4506,1.0,
P2,4.0,2.0,0.5818,1.0,
P2,4.0,1.0,0.4982,1.0,
P2,4.0,1.0,0.4997,1.0,
P2,4.0,1.0,0.4654,1.0,
P2,3.0,2.0,0.433,1.0,
P2,3.0,2.0,0.4996,1.0,
P2,3.0,1.0,0.4483,1.0,
P2,3.0,1.0,0.6313,1.0,
P2,4.0,1.0,0.3879,0.0,
P2,3.0,2.0,0.3986,1.0,
P2,3.0,1.0,0.415,1.0,
P2,4.0,2.0,0.8322,1.0,
P2,3.0,2.0,0.4818,1.0,
P2,3.0,2.0,0.4556,1.0,
P2,4.0,1.0,0.365,0.0,
P2,3.0,2.0,0.4806,1.0,
P2,4.0,1.0,0.3853,1.0,
P2,3.0,2.0,0.4322,1.0,
P2,4.0,1.0,0.465,1.0,
P2,3.0,2.0,0.6162,1.0,
P2,4.0,2.0,0.4984,1.0,
P2,4.0,1.0,0.4661,0.0,
P2,3.0,2.0,0.467,1.0,
P2,3.0,2.0,0.5496,1.0,
P2,3.0,1.0,0.5145,1.0,
P2,3.0,1.0,0.4004,1.0,
P2,4.0,1.0,0.3827,1.0,
P2,3.0,1.0,0.4218,1.0,
P2,3.0,1.0,0.4172,1.0,
P2,3.0,2.0,0.5162,1.0,
P2,3.0,1.0,0.5005,1.0,
P2,3.0,2.0,0.5644,1.0,
P2,3.0,1.0,0.532,1.0,
P2,3.0,2.0,0.53,1.0,
P2,4.0,1.0,0.4821,1.0,
P2,4.0,2.0,0.4376,1.0,
P2,4.0,1.0,0.5317,1.0,
P2,4.0,1.0,0.5143,1.0,
P2,3.0,2.0,0.4989,1.0,
P2,3.0,1.0,0.4832,1.0,
P2,4.0,1.0,0.4995,1.0,
P2,3.0,1.0,0.8055,1.0,
P2,4.0,1.0,0.4976,1.0,
P2,3.0,2.0,0.5987,1.0,
P2,4.0,2.0,0.599,1.0,
P2,4.0,2.0,0.4819,1.0,
P2,3.0,2.0,0.5816,1.0,
P2,4.0,2.0,0.5156,1.0,
P2,4.0,2.0,0.4993,1.0,
P2,3.0,2.0,0.6315,1.0,
P2,3.0,2.0,0.5362,1.0,
P2,4.0,1.0,0.4162,1.0,
P2,3.0,1.0,0.467,1.0,
P2,4.0,2.0,0.615,1.0,
P2,4.0,2.0,0.4994,1.0,
P2,4.0,2.0,0.482,1.0,
P2,3.0,1.0,0.4525,1.0,
P2,3.0,2.0,0.4863,1.0,
P2,3.0,1.0,0.4511,1.0,
P2,3.0,1.0,0.4708,1.0,
P2,4.0,1.0,0.3995,1.0,
P2,4.0,1.0,0.5122,1.0,
P2,3.0,1.0,0.5682,1.0,
P2,3.0,2.0,0.4012,0.0,
P2,3.0,2.0,0.5651,1.0,
P2,4.0,1.0,0.5155,1.0,
P2,3.0,1.0,0.6707,1.0,
P2,3.0,1.0,0.3989,1.0,
P2,3.0,2.0,0.5984,1.0,
P2,3.0,1.0,0.5489,1.0,
P2,4.0,2.0,0.5483,1.0,
P2,4.0,1.0,0.6327,1.0,
P2,3.0,1.0,0.4828,1.0,
P2,4.0,2.0,0.5318,1.0,
P2,3.0,1.0,0.4325,1.0,
P2,4.0,1.0,0.4327,1.0,
P2,3.0,1.0,0.4317,1.0,
P2,4.0,2.0,0.5172,1.0,
P2,4.0,2.0,0.5555,1.0,
P2,4.0,2.0,0.5032,1.0,
P2,3.0,2.0,0.4353,1.0,
P2,4.0,1.0,0.4118,1.0,
P2,3.0,1.0,0.3802,1.0,
P2,3.0,2.0,0.4299,1.0,
P2,4.0,2.0,0.4481,0.0,
P2,4.0,2.0,0.4332,1.0,
P2,3.0,1.0,0.4169,0.0,
P2,4.0,1.0,0.4153,1.0,
P2,4.0,2.0,0.3641,0.0,
P2,4.0,2.0,0.5483,1.0,
P2,4.0,2.0,0.4306,1.0,
P2,4.0,1.0,0.499,0.0,
P2,4.0,1.0,0.5158,1.0,
P2,4.0,2.0,0.4974,1.0,
P2,4.0,1.0,0.4491,1.0,
P2,4.0,1.0,0.3864,1.0,
P2,4.0,1.0,0.4497,1.0,
P2,4.0,2.0,0.4834,1.0,
P2,4.0,1.0,0.4994,1.0,
P2,4.0,1.0,0.6505,1.0,
P2,3.0,1.0,0.9664,0.0,
P2,4.0,1.0,0.5029,1.0,
P2,4.0,1.0,0.6661,1.0,
P2,3.0,2.0,0.6003,1.0,
P2,3.0,1.0,,0.0,
P2,3.0,2.0,0.7152,1.0,
P2,3.0,1.0,0.5803,1.0,
P2,4.0,1.0,0.4657,1.0,
P2,4.0,2.0,0.5146,1.0,
P2,4.0,1.0,0.5164,1.0,
P2,3.0,2.0,0.4817,1.0,
P2,3.0,2.0,0.6988,1.0,
P2,4.0,1.0,0.5491,1.0,
P2,4.0,1.0,0.4818,1.0,
P2,3.0,1.0,0.5166,1.0,
P2,4.0,1.0,0.6006,1.0,
P2,3.0,1.0,0.366,1.0,
P2,4.0,1.0,0.3653,1.0,
P2,4.0,2.0,0.4853,1.0,
P2,3.0,1.0,0.4506,1.0,
P2,3.0,1.0,0.433,1.0,
P2,3.0,1.0,0.5189,1.0,
P2,4.0,2.0,0.5322,1.0,
P2,4.0,1.0,0.4325,1.0,
P2,4.0,1.0,0.4815,1.0,
P2,4.0,1.0,0.3995,1.0,
P2,4.0,1.0,0.3818,1.0,
P2,4.0,2.0,0.3822,0.0,
P2,4.0,1.0,0.3509,1.0,
P2,4.0,1.0,0.4016,1.0,
P2,4.0,2.0,0.3654,1.0,
P2,3.0,1.0,0.4168,0.0,
P2,3.0,2.0,0.4986,0.0,
P2,4.0,2.0,0.6161,1.0,
P2,3.0,2.0,0.5338,1.0,
P2,3.0,2.0,0.4859,1.0,
P2,3.0,2.0,0.4672,1.0,
P2,3.0,1.0,0.471,1.0,
P2,3.0,2.0,0.5669,1.0,
P2,3.0,2.0,0.634,1.0,
P2,4.0,2.0,0.531,1.0,
P2,3.0,1.0,0.4814,1.0,
P2,3.0,1.0,0.3884,1.0,
P2,3.0,2.0,0.483,1.0,
P2,3.0,2.0,0.6243,1.0,
P2,3.0,1.0,0.4996,1.0,
P2,3.0,1.0,0.4824,1.0,
P2,4.0,2.0,0.5838,1.0,
P2,3.0,2.0,0.5153,1.0,
P2,4.0,1.0,0.4718,1.0,
P2,3.0,2.0,0.3997,0.0,
P2,3.0,2.0,0.5156,1.0,
P2,4.0,2.0,0.518,1.0,
P2,4.0,2.0,0.4323,1.0,
P2,4.0,1.0,0.6155,1.0,
P2,3.0,1.0,0.4662,1.0,
P2,3.0,2.0,0.6162,1.0,
P2,3.0,2.0,0.4323,1.0,
P2,3.0,2.0,0.5008,1.0,
P2,4.0,2.0,0.5496,1.0,
P2,3.0,1.0,0.5506,1.0,
P2,4.0,1.0,0.8342,1.0,
P2,3.0,1.0,0.4657,1.0,
P2,4.0,1.0,0.4649,1.0,
P2,4.0,1.0,0.5854,1.0,
P2,3.0,2.0,0.5646,1.0,
P2,3.0,1.0,0.8153,1.0,
P2,4.0,2.0,0.4708,1.0,
P2,4.0,1.0,0.3878,1.0,
P2,4.0,1.0,0.4652,1.0,
P2,3.0,1.0,0.3371,1.0,
P2,3.0,1.0,0.3491,1.0,
P2,3.0,2.0,0.5152,1.0,
P2,4.0,1.0,0.4507,1.0,
P2,4.0,1.0,0.4481,1.0,
P2,4.0,2.0,0.4659,1.0,
P2,4.0,2.0,0.5313,1.0,
P2,4.0,2.0,0.4808,1.0,
P2,3.0,1.0,0.4827,1.0,
P2,4.0,2.0,0.4954,1.0,
P2,4.0,2.0,0.5662,0.0,
P2,3.0,1.0,0.634,1.0,
P2,3.0,2.0,0.6329,1.0,
P2,3.0,1.0,0.5299,1.0,
P2,3.0,1.0,0.3994,1.0,
P2,3.0,1.0,0.4874,1.0,
P2,3.0,1.0,0.5506,1.0,
P2,3.0,2.0,0.5359,1.0,
P2,3.0,2.0,0.5012,0.0,
P2,4.0,2.0,0.5044,1.0,
P2,3.0,1.0,0.3875,1.0,
P2,4.0,2.0,0.4993,1.0,
P2,3.0,1.0,0.3666,1.0,
P2,3.0,2.0,0.4654,1.0,
P2,3.0,2.0,0.432,1.0,
P2,4.0,2.0,0.4664,1.0,
P2,4.0,1.0,0.3995,1.0,
P2,3.0,2.0,0.5022,1.0,
P2,4.0,1.0,0.3836,1.0,
P2,4.0,2.0,0.7321,1.0,
P2,3.0,2.0,0.8335,0.0,
P2,4.0,1.0,0.3982,1.0,
P2,4.0,1.0,0.4993,1.0,
P2,4.0,2.0,0.4683,1.0,
P2,4.0,2.0,0.5306,1.0,
P2,4.0,2.0,0.5667,1.0,
P2,3.0,2.0,0.5159,1.0,
P2,3.0,1.0,0.4369,1.0,
P2,3.0,2.0,0.6308,1.0,
P2,4.0,2.0,0.4849,1.0,
P2,4.0,1.0,0.5154,1.0,
P2,4.0,1.0,0.3322,1.0,
P2,4.0,1.0,0.4649,0.0,
P2,3.0,1.0,0.3824,1.0,
P2,4.0,2.0,0.5328,1.0,
P2,3.0,1.0,0.5323,1.0,
P2,3.0,2.0,0.615,1.0,
P2,4.0,1.0,0.4155,1.0,
P2,4.0,1.0,0.4505,1.0,
P2,3.0,2.0,0.498,1.0,
P2,3.0,2.0,0.4987,1.0,
P2,3.0,1.0,0.4827,1.0,
P2,3.0,1.0,0.567,1.0,
P2,4.0,1.0,0.416,1.0,
P2,3.0,2.0,0.5984,1.0,
P2,3.0,2.0,0.4324,1.0,
P2,3.0,1.0,0.5021,1.0,
P2,4.0,2.0,0.497,1.0,
P2,4.0,1.0,0.4621,1.0,
P2,3.0,2.0,0.5491,1.0,
P2,3.0,2.0,0.5488,1.0,
P2,3.0,1.0,0.47,1.0,
P2,3.0,1.0,0.3812,1.0,
P2,4.0,1.0,0.4663,1.0,
P2,4.0,2.0,0.562,1.0,
P2,4.0,2.0,0.5653,1.0,
P2,3.0,2.0,0.5878,1.0,
P2,4.0,1.0,0.5334,1.0,
P2,4.0,2.0,0.5149,1.0,
P2,4.0,1.0,0.598,1.0,
P2,3.0,1.0,0.4982,1.0,
P2,4.0,1.0,0.4358,1.0,
P2,3.0,1.0,0.3816,1.0,
P2,4.0,2.0,0.6012,1.0,
P2,3.0,2.0,0.4658,1.0,
P2,3.0,1.0,0.4656,1.0,
P2,3.0,1.0,0.3828,1.0,
P2,3.0,1.0,0.3488,1.0,
P2,4.0,2.0,0.4836,1.0,
P2,3.0,2.0,0.6126,1.0,
P2,3.0,2.0,0.5536,1.0,
P2,3.0,2.0,0.432,1.0,
P2,4.0,2.0,0.4307,1.0,
P2,3.0,1.0,0.4986,1.0,
P2,3.0,1.0,0.3824,1.0,
P2,3.0,1.0,0.4007,1.0,
P2,3.0,2.0,0.5322,1.0,
P2,4.0,2.0,0.5666,1.0,
P2,4.0,1.0,0.3991,1.0,
P2,3.0,2.0,0.4373,1.0,
P2,3.0,2.0,0.5033,1.0,
P2,4.0,2.0,0.4163,1.0,
P2,3.0,2.0,0.416,1.0,
P2,3.0,2.0,0.4806,1.0,
P2,3.0,2.0,0.482,1.0,
P2,4.0,2.0,0.5147,1.0,
P2,4.0,1.0,0.4324,1.0,
P2,3.0,2.0,0.5985,1.0,
P2,3.0,1.0,0.483,1.0,
P2,4.0,1.0,0.5008,1.0,
P2,4.0,1.0,0.416,1.0,
P2,4.0,1.0,0.4489,1.0,
P2,3.0,1.0,0.4726,1.0,
P2,4.0,2.0,0.5154,1.0,
P2,4.0,1.0,0.4656,1.0,
P2,3.0,1.0,0.5376,1.0,
P2,4.0,1.0,0.4005,1.0,
P2,4.0,2.0,0.4643,0.0,
P2,3.0,2.0,0.4518,1.0,
P2,4.0,1.0,0.4995,1.0,
P2,4.0,1.0,0.4709,1.0,
P2,3.0,2.0,0.6497,1.0,
P2,4.0,2.0,0.4661,1.0,
P2,3.0,1.0,0.4159,1.0,
P2,3.0,2.0,0.5828,1.0,
P2,4.0,2.0,0.5652,1.0,
P2,3.0,2.0,0.5675,1.0,
P2,3.0,1.0,0.5997,1.0,
P2,3.0,1.0,0.584,1.0,
P2,4.0,2.0,0.5831,1.0,
P2,3.0,1.0,0.5683,1.0,
P2,4.0,1.0,0.583,1.0,
P2,4.0,2.0,0.5717,1.0,
P2,4.0,2.0,0.5391,1.0,
P2,4.0,2.0,0.4995,1.0,
P2,4.0,2.0,0.4866,1.0,
P2,3.0,2.0,0.4819,1.0,
P2,4.0,1.0,0.5211,1.0,
P2,3.0,2.0,0.5506,1.0,
P2,3.0,2.0,0.5163,1.0,
P2,3.0,1.0,0.5348,1.0,
P2,4.0,2.0,0.5497,1.0,
P2,3.0,2.0,0.5149,1.0,
P2,3.0,2.0,0.4818,1.0,
P2,4.0,1.0,0.756,1.0,
P2,3.0,1.0,0.5387,1.0,
P2,4.0,1.0,0.5658,1.0,
P2,3.0,1.0,0.4479,1.0,
P2,4.0,1.0,0.4339,1.0,
P2,3.0,2.0,0.4659,0.0,
P2,3.0,2.0,0.4848,1.0,
P2,3.0,1.0,0.4817,0.0,
P2,4.0,1.0,0.4659,1.0,
P2,4.0,2.0,0.5987,1.0,
P2,4.0,1.0,0.5334,1.0,
P2,3.0,2.0,0.5825,1.0,
P2,3.0,1.0,0.4832,1.0,
P2,3.0,2.0,0.5324,1.0,
P2,3.0,1.0,0.4664,1.0,
P2,4.0,2.0,0.6495,1.0,
P2,3.0,1.0,0.4009,1.0,
P2,3.0,2.0,0.5322,1.0,
P2,3.0,1.0,0.4327,1.0,
P2,4.0,2.0,0.5496,1.0,
P2,3.0,2.0,0.6211,1.0,
P2,4.0,2.0,0.6331,1.0,
P2,4.0,1.0,0.4834,1.0,
P2,4.0,2.0,0.8157,1.0,
P2,3.0,2.0,0.5825,1.0,
P2,3.0,2.0,0.5817,1.0,
P2,4.0,1.0,0.6328,1.0,
P2,4.0,1.0,0.4166,1.0,
P2,3.0,1.0,0.4516,1.0,
P2,3.0,1.0,0.3993,1.0,
P2,3.0,1.0,0.4167,1.0,
P2,3.0,1.0,0.3832,1.0,
P2,3.0,2.0,0.5888,1.0,
P2,3.0,1.0,0.5495,1.0,
P2,3.0,2.0,0.6478,1.0,
P2,3.0,2.0,0.5153,1.0,
P2,3.0,2.0,0.4659,1.0,
P2,4.0,1.0,0.482,1.0,
P2,4.0,1.0,0.5329,1.0,
P2,4.0,1.0,0.5999,1.0,
P2,4.0,2.0,0.549,1.0,
P2,3.0,1.0,0.4826,1.0,
P2,3.0,2.0,0.6153,1.0,
P2,3.0,2.0,0.5491,1.0,
P2,3.0,2.0,0.5318,1.0,
P2,3.0,1.0,0.5009,1.0,
P2,4.0,1.0,1.1163,1.0,
P2,3.0,2.0,0.717,1.0,
P2,4.0,1.0,0.5159,1.0,
P2,4.0,1.0,0.667,1.0,
P2,4.0,2.0,0.5493,1.0,
P2,3.0,1.0,0.4656,1.0,
P2,3.0,1.0,0.533,1.0,
P2,4.0,1.0,0.4512,1.0,
P2,3.0,1.0,0.4661,1.0,
P2,3.0,1.0,0.4338,1.0,
P2,3.0,2.0,0.5163,1.0,
P2,4.0,1.0,0.6325,1.0,
P2,3.0,1.0,0.6165,1.0,
P2,3.0,1.0,0.4191,1.0,
P2,4.0,2.0,0.6349,1.0,
P2,3.0,2.0,0.8045,1.0,
P2,3.0,2.0,0.5887,1.0,
P2,4.0,2.0,0.5336,1.0,
P2,4.0,2.0,0.4983,1.0,
P2,4.0,2.0,0.5152,1.0,
P2,4.0,2.0,0.4314,1.0,
P2,3.0,2.0,0.449,1.0,
P2,4.0,1.0,0.5349,1.0,
P2,4.0,1.0,0.6322,1.0,
P2,4.0,2.0,0.469,1.0,
P2,3.0,1.0,0.5179,1.0,
P2,4.0,2.0,0.5333,1.0,
P2,3.0,2.0,0.5817,1.0,
P2,3.0,1.0,0.4829,1.0,
P2,3.0,2.0,0.5894,1.0,
P2,3.0,1.0,0.4492,1.0,
P2,4.0,2.0,0.621,1.0,
P2,3.0,2.0,0.4658,0.0,
P2,4.0,1.0,0.4988,1.0,
P2,3.0,2.0,0.5657,1.0,
P2,3.0,1.0,0.5985,1.0,
P2,4.0,1.0,0.5822,1.0,
P2,3.0,2.0,0.5341,1.0,
P2,3.0,1.0,0.4521,1.0,
P2,3.0,1.0,0.4497,1.0,
P2,4.0,1.0,0.3687,1.0,
P2,3.0,1.0,0.4509,1.0,
P2,3.0,1.0,0.3816,1.0,
P2,4.0,2.0,0.3832,1.0,
P2,4.0,2.0,0.5849,1.0,
P2,4.0,1.0,0.516,1.0,
P2,3.0,1.0,0.4495,1.0,
P2,4.0,2.0,0.5493,1.0,
P2,4.0,1.0,0.4837,1.0,
P2,4.0,2.0,0.6147,1.0,
P2,3.0,1.0,0.5187,1.0,
P3,3.0,1.0,0.4618,1.0,
P3,4.0,1.0,0.4335,1.0,
P3,4.0,2.0,0.5811,1.0,
P3,4.0,1.0,0.4588,1.0,
P3,3.0,1.0,0.4833,1.0,
P3,3.0,1.0,0.4993,1.0,
P3,4.0,2.0,0.5472,1.0,
P3,3.0,1.0,0.4984,1.0,
P3,3.0,1.0,0.4284,1.0,
P3,4.0,2.0,0.4466,1.0,
P3,3.0,1.0,0.347,1.0,
P3,3.0,1.0,0.3988,1.0,
P3,4.0,1.0,0.4984,1.0,
P3,4.0,1.0,0.5669,0.0,
P3,3.0,2.0,0.4787,1.0,
P3,4.0,2.0,0.5098,1.0,
P3,3.0,2.0,0.5739,1.0,
P3,3.0,1.0,0.4484,1.0,
P3,3.0,1.0,0.3592,1.0,
P3,3.0,1.0,0.4098,1.0,
P3,4.0,2.0,0.4756,1.0,
P3,3.0,1.0,0.4152,1.0,
P3,4.0,1.0,0.8136,1.0,
P3,4.0,1.0,0.4527,1.0,
P3,3.0,1.0,0.413,1.0,
P3,3.0,2.0,0.5007,1.0,
P3,3.0,1.0,0.4434,1.0,
P3,4.0,1.0,0.4462,1.0,
P3,3.0,2.0,0.498,1.0,
P3,4.0,1.0,0.5049,1.0,
P3,4.0,1.0,0.5288,1.0,
P3,3.0,2.0,0.5116,1.0,
P3,4.0,1.0,0.3836,1.0,
P3,4.0,2.0,0.4273,1.0,
P3,3.0,1.0,0.3617,1.0,
P3,4.0,1.0,0.4335,1.0,
P3,3.0,2.0,0.4477,1.0,
P3,3.0,1.0,0.3659,1.0,
P3,3.0,2.0,0.5127,1.0,
P3,3.0,2.0,0.4651,1.0,
P3,3.0,1.0,0.3926,1.0,
P3,4.0,2.0,0.5268,1.0,
P3,3.0,1.0,0.4258,1.0,
P3,3.0,2.0,0.4363,1.0,
P3,4.0,1.0,0.4542,1.0,
P3,4.0,2.0,0.5128,1.0,
P3,4.0,1.0,0.4295,1.0,
P3,4.0,2.0,0.5015,1.0,
P3,3.0,1.0,0.5024,1.0,
P3,3.0,2.0,0.5333,1.0,
P3,4.0,1.0,0.4654,1.0,
P3,4.0,2.0,0.5757,1.0,
P3,3.0,2.0,0.5494,1.0,
P3,3.0,1.0,0.377,1.0,
P3,3.0,1.0,0.4806,1.0,
P3,4.0,2.0,0.5527,1.0,
P3,4.0,2.0,0.6622,1.0,
P3,4.0,2.0,0.4614,1.0,
P3,4.0,2.0,0.4603,1.0,
P3,4.0,1.0,0.4662,1.0,
P3,3.0,2.0,0.5139,1.0,
P3,4.0,2.0,0.5167,1.0,
P3,4.0,1.0,0.4404,0.0,
P3,4.0,2.0,0.5262,1.0,
P3,3.0,1.0,0.4288,1.0,
P3,4.0,2.0,0.4828,1.0,
P3,3.0,2.0,0.5798,1.0,
P3,3.0,1.0,0.6561,1.0,
P3,4.0,1.0,0.4841,1.0,
P3,3.0,2.0,0.6887,0.0,
P3,3.0,2.0,0.5448,1.0,
P3,3.0,1.0,0.4332,1.0,
P3,4.0,2.0,0.4774,1.0,
P3,4.0,2.0,0.4909,1.0,
P3,4.0,1.0,0.3998,1.0,
P3,3.0,1.0,0.4154,1.0,
P3,4.0,1.0,0.4769,1.0,
P3,4.0,1.0,0.5892,1.0,
P3,4.0,2.0,0.4824,1.0,
P3,4.0,2.0,0.4309,1.0,
P3,4.0,2.0,0.5106,1.0,
P3,3.0,1.0,0.3981,1.0,
P3,3.0,2.0,0.3988,1.0,
P3,4.0,1.0,0.3639,1.0,
P3,4.0,1.0,0.3932,1.0,
P3,4.0,2.0,0.4154,1.0,
P3,4.0,1.0,0.3816,0.0,
P3,4.0,2.0,0.4779,1.0,
P3,4.0,1.0,0.4227,1.0,
P3,3.0,1.0,0.4735,1.0,
P3,4.0,2.0,0.498,1.0,
P3,4.0,1.0,0.5678,1.0,
P3,4.0,2.0,0.5638,1.0,
P3,3.0,1.0,0.5159,1.0,
P3,4.0,1.0,0.431,1.0,
P3,4.0,1.0,0.5328,1.0,
P3,4.0,1.0,0.4626,1.0,
P3,3.0,1.0,0.4168,1.0,
P3,3.0,2.0,0.4982,1.0,
P3,3.0,1.0,0.4099,1.0,
P3,3.0,2.0,0.4626,1.0,
P3,4.0,2.0,0.546,1.0,
P3,4.0,1.0,0.4963,1.0,
P3,4.0,2.0,0.5531,1.0,
P3,4.0,2.0,0.4795,1.0,
P3,3.0,2.0,0.45,1.0,
P3,4.0,1.0,0.3847,1.0,
P3,4.0,1.0,0.5347,1.0,
P3,4.0,1.0,0.4951,1.0,
P3,4.0,2.0,0.4665,1.0,
P3,4.0,2.0,0.4357,1.0,
P3,3.0,2.0,0.652,1.0,
P3,3.0,2.0,0.4441,1.0,
P3,4.0,1.0,0.3835,1.0,
P3,3.0,2.0,0.5119,1.0,
P3,3.0,2.0,0.448,1.0,
P3,4.0,2.0,0.43,1.0,
P3,4.0,1.0,0.8534,1.0,
P3,4.0,1.0,0.4954,1.0,
P3,3.0,2.0,0.549,1.0,
P3,3.0,1.0,0.4644,1.0,
P3,4.0,2.0,0.5193,1.0,
P3,3.0,2.0,0.5215,1.0,
P3,3.0,2.0,0.6141,1.0,
P3,3.0,1.0,0.446,1.0,
P3,4.0,1.0,0.393,0.0,
P3,3.0,1.0,0.4271,1.0,
P3,4.0,1.0,0.464,1.0,
P3,3.0,1.0,0.4126,1.0,
P3,4.0,2.0,0.5089,1.0,
P3,3.0,2.0,0.5452,1.0,
P3,3.0,1.0,0.396,1.0,
P3,3.0,2.0,0.4794,1.0,
P3,4.0,2.0,0.466,1.0,
P3,3.0,1.0,0.5334,1.0,
P3,4.0,2.0,0.4172,1.0,
P3,4.0,2.0,0.497,1.0,
P3,4.0,2.0,0.431,1.0,
P3,3.0,2.0,0.5408,1.0,
P3,3.0,1.0,0.3992,1.0,
P3,4.0,1.0,0.6094,1.0,
P3,3.0,1.0,0.4447,1.0,
P3,3.0,1.0,0.4387,1.0,
P3,3.0,2.0,0.4926,1.0,
P3,4.0,2.0,0.3981,1.0,
P3,4.0,2.0,0.4623,1.0,
P3,4.0,2.0,0.4825,1.0,
P3,4.0,1.0,0.4382,1.0,
P3,3.0,2.0,0.4266,1.0,
P3,3.0,2.0,0.4668,1.0,
P3,3.0,1.0,0.4807,1.0,
P3,3.0,1.0,0.9689,0.0,
P3,4.0,1.0,0.6001,1.0,
P3,4.0,2.0,0.53,1.0,
P3,3.0,1.0,0.397,1.0,
P3,4.0,1.0,0.4485,1.0,
P3,4.0,1.0,0.4317,1.0,
P3,4.0,1.0,0.465,1.0,
P3,3.0,1.0,0.4188,1.0,
P3,3.0,2.0,0.3932,1.0,
P3,4.0,1.0,0.4243,1.0,
P3,4.0,1.0,0.3797,1.0,
P3,4.0,2.0,0.5289,1.0,
P3,4.0,1.0,0.4537,1.0,
P3,3.0,2.0,0.5609,1.0,
P3,4.0,1.0,0.3693,1.0,
P3,4.0,1.0,0.4051,1.0,
P3,4.0,2.0,0.3966,1.0,
P3,3.0,2.0,0.4057,1.0,
P3,3.0,1.0,0.4473,1.0,
P3,3.0,1.0,0.446,1.0,
P3,4.0,1.0,0.4296,1.0,
P3,4.0,1.0,0.3959,0.0,
P3,4.0,2.0,0.496,1.0,
P3,3.0,2.0,0.5175,1.0,
P3,4.0,1.0,0.4465,1.0,
P3,4.0,2.0,0.4811,1.0,
P3,4.0,1.0,0.5933,1.0,
P3,4.0,1.0,0.5027,1.0,
P3,3.0,2.0,0.6142,1.0,
P3,4.0,2.0,0.5316,1.0,
P3,4.0,2.0,0.6766,1.0,
P3,4.0,2.0,0.4751,1.0,
P3,3.0,2.0,0.4922,1.0,
P3,4.0,2.0,0.5634,1.0,
P3,3.0,2.0,0.5561,1.0,
P3,4.0,1.0,0.4757,1.0,
P3,3.0,1.0,0.3976,1.0,
P3,3.0,2.0,0.4699,1.0,
P3,4.0,1.0,0.6459,1.0,
P3,4.0,2.0,0.4497,1.0,
P3,3.0,1.0,0.6342,1.0,
P3,4.0,2.0,0.4817,1.0,
P3,3.0,1.0,0.4792,1.0,
P3,3.0,1.0,0.4667,1.0,
P3,4.0,2.0,0.449,1.0,
P3,4.0,1.0,0.4252,1.0,
P3,3.0,1.0,0.3477,1.0,
P3,3.0,2.0,0.5092,1.0,
P3,3.0,2.0,0.4267,1.0,
P3,3.0,2.0,0.5441,1.0,
P3,3.0,2.0,0.551,1.0,
P3,3.0,1.0,0.4493,1.0,
P3,3.0,1.0,0.4307,0.0,
P3,3.0,1.0,0.5325,1.0,
P3,3.0,2.0,0.4494,1.0,
P3,3.0,1.0,0.3622,1.0,
P3,4.0,2.0,0.5263,1.0,
P3,3.0,2.0,0.4801,1.0,
P3,3.0,2.0,0.4322,0.0,
P3,3.0,2.0,0.5978,1.0,
P3,4.0,2.0,0.4752,1.0,
P3,4.0,1.0,0.6344,1.0,
P3,3.0,2.0,0.5311,1.0,
P3,4.0,1.0,0.4285,1.0,
P3,4.0,2.0,0.5308,1.0,
P3,4.0,2.0,0.5156,1.0,
P3,4.0,1.0,0.4463,1.0,
P3,3.0,1.0,0.3849,1.0,
P3,3.0,1.0,0.4109,1.0,
P3,3.0,2.0,0.494,1.0,
P3,3.0,2.0,0.5106,1.0,
P3,3.0,2.0,0.3935,1.0,
P3,4.0,1.0,0.4188,1.0,
P3,4.0,1.0,0.4084,1.0,
P3,4.0,1.0,0.393,1.0,
P3,3.0,2.0,0.4795,1.0,
P3,3.0,1.0,0.4488,1.0,
P3,4.0,1.0,0.4329,0.0,
P3,4.0,2.0,0.4963,1.0,
P3,3.0,2.0,0.4958,1.0,
P3,3.0,1.0,0.4462,1.0,
P3,3.0,1.0,0.5826,1.0,
P3,3.0,2.0,0.4403,1.0,
P3,4.0,2.0,0.5097,1.0,
P3,3.0,2.0,0.5009,1.0,
P3,3.0,1.0,0.6202,1.0,
P3,4.0,2.0,0.4292,1.0,
P3,4.0,1.0,0.3704,1.0,
P3,4.0,1.0,0.4006,1.0,
P3,4.0,1.0,0.467,0.0,
P3,3.0,2.0,0.4624,1.0,
P3,4.0,1.0,0.4414,1.0,
P3,3.0,1.0,0.5279,1.0,
P3,4.0,1.0,0.4637,1.0,
P3,4.0,2.0,0.526,1.0,
P3,4.0,2.0,0.4596,1.0,
P3,4.0,1.0,0.4509,1.0,
P3,3.0,2.0,0.5433,1.0,
P3,3.0,2.0,0.4276,1.0,
P3,3.0,2.0,0.6908,1.0,
P3,4.0,1.0,0.3978,1.0,
P3,4.0,2.0,0.4936,1.0,
P3,3.0,2.0,0.4132,1.0,
P3,3.0,2.0,0.8948,1.0,
P3,3.0,2.0,0.4997,1.0,
P3,3.0,2.0,0.5171,1.0,
P3,4.0,1.0,0.4467,1.0,
P3,3.0,1.0,0.3629,1.0,
P3,4.0,2.0,0.4674,1.0,
P3,4.0,1.0,0.4291,1.0,
P3,3.0,1.0,0.4056,0.0,
P3,3.0,2.0,0.5658,1.0,
P3,4.0,2.0,0.503,1.0,
P3,4.0,2.0,0.4573,1.0,
P3,3.0,2.0,0.379,0.0,
P3,4.0,2.0,0.5438,1.0,
P3,4.0,2.0,0.4846,1.0,
P3,3.0,2.0,0.4816,1.0,
P3,3.0,1.0,0.4134,1.0,
P3,3.0,1.0,0.4424,1.0,
P3,4.0,1.0,0.4326,1.0,
P3,3.0,1.0,0.3794,1.0,
P3,3.0,2.0,0.4376,1.0,
P3,3.0,2.0,0.4647,1.0,
P3,4.0,1.0,0.603,1.0,
P3,3.0,1.0,0.5257,1.0,
P3,3.0,2.0,1.1579,1.0,
P3,4.0,1.0,0.5594,1.0,
P3,4.0,1.0,0.7112,1.0,
P3,4.0,2.0,0.4153,1.0,
P3,3.0,1.0,0.4943,1.0,
P3,3.0,2.0,0.4451,1.0,
P3,3.0,1.0,0.3816,1.0,
P3,4.0,1.0,0.4659,1.0,
P3,4.0,1.0,0.4655,1.0,
P3,3.0,1.0,0.5331,1.0,
P3,3.0,1.0,0.4638,1.0,
P3,4.0,2.0,0.5946,1.0,
P3,4.0,2.0,0.4575,1.0,
P3,3.0,1.0,0.4325,1.0,
P3,3.0,2.0,0.3914,1.0,
P3,4.0,2.0,0.4072,1.0,
P3,4.0,2.0,0.7642,1.0,
P3,4.0,1.0,0.4099,1.0,
P3,4.0,1.0,0.3675,1.0,
P3,3.0,1.0,0.4161,1.0,
P3,3.0,2.0,0.4478,1.0,
P3,3.0,1.0,0.3939,0.0,
P3,4.0,2.0,0.449,0.0,
P3,4.0,2.0,0.5446,1.0,
P3,3.0,2.0,0.4819,1.0,
P3,4.0,2.0,0.4418,1.0,
P3,4.0,2.0,0.4172,1.0,
P3,4.0,2.0,0.4341,1.0,
P3,3.0,2.0,0.4943,1.0,
P3,4.0,2.0,0.4697,1.0,
P3,4.0,2.0,0.4358,1.0,
P3,4.0,1.0,0.4495,1.0,
P3,3.0,1.0,0.4506,1.0,
P3,3.0,2.0,0.4683,1.0,
P3,4.0,1.0,0.5458,1.0,
P3,3.0,2.0,0.4342,1.0,
P3,3.0,2.0,0.4478,1.0,
P3,3.0,1.0,0.4346,1.0,
P3,4.0,2.0,0.5472,1.0,
P3,4.0,1.0,0.3613,1.0,
P3,3.0,2.0,0.5021,1.0,
P3,4.0,2.0,0.4293,1.0,
P3,3.0,1.0,0.4,1.0,
P3,3.0,2.0,0.3634,1.0,
P3,4.0,1.0,0.3933,1.0,
P3,3.0,2.0,0.4268,1.0,
P3,4.0,2.0,0.8824,0.0,
P3,3.0,2.0,0.6004,1.0,
P3,3.0,2.0,0.4916,1.0,
P3,4.0,1.0,0.4175,1.0,
P3,3.0,1.0,0.3996,0.0,
P3,3.0,1.0,0.4234,1.0,
P3,4.0,2.0,0.4646,1.0,
P3,3.0,2.0,0.5424,1.0,
P3,4.0,1.0,0.5003,1.0,
P3,3.0,1.0,0.4133,1.0,
P3,3.0,1.0,0.7753,1.0,
P3,4.0,1.0,0.5262,1.0,
P3,3.0,2.0,0.4468,1.0,
P3,4.0,2.0,0.5485,1.0,
P3,3.0,1.0,0.3812,1.0,
P3,3.0,1.0,0.4005,1.0,
P3,3.0,2.0,0.4764,1.0,
P3,3.0,2.0,0.607,1.0,
P3,3.0,1.0,0.4268,0.0,
P3,4.0,1.0,0.4812,1.0,
P3,3.0,2.0,0.5196,1.0,
P3,4.0,1.0,0.4476,1.0,
P3,4.0,2.0,0.5585,1.0,
P3,3.0,2.0,0.5581,1.0,
P3,3.0,1.0,0.4616,1.0,
P3,3.0,2.0,0.458,1.0,
P3,4.0,1.0,0.4443,1.0,
P3,3.0,1.0,0.3931,1.0,
P3,3.0,1.0,0.4228,0.0,
P3,4.0,2.0,0.4305,1.0,
P3,3.0,1.0,0.3846,1.0,
P3,4.0,2.0,0.4595,1.0,
P3,4.0,2.0,0.4795,1.0,
P3,3.0,1.0,0.51,1.0,
P3,3.0,1.0,0.4297,0.0,
P3,4.0,1.0,0.4759,1.0,
P3,4.0,1.0,0.464,1.0,
P3,3.0,2.0,0.5046,1.0,
P3,4.0,2.0,0.5559,1.0,
P3,3.0,2.0,0.4969,1.0,
P3,3.0,1.0,0.5492,1.0,
P3,4.0,2.0,0.4678,1.0,
P3,4.0,1.0,0.3776,1.0,
P3,4.0,1.0,0.4687,1.0,
P3,4.0,2.0,0.5082,0.0,
P3,4.0,2.0,0.4999,1.0,
P3,3.0,1.0,0.4819,1.0,
P3,4.0,2.0,0.5098,1.0,
P3,3.0,2.0,0.5378,1.0,
P3,3.0,2.0,0.4762,1.0,
P3,3.0,2.0,0.5053,1.0,
P3,4.0,1.0,0.4656,1.0,
P3,4.0,1.0,0.402,1.0,
P3,4.0,2.0,0.5315,1.0,
P3,3.0,1.0,0.4957,1.0,
P3,3.0,2.0,0.4807,1.0,
P3,4.0,1.0,0.5281,1.0,
P3,3.0,1.0,0.8958,1.0,
P3,3.0,2.0,0.5147,1.0,
P3,3.0,1.0,0.3729,1.0,
P3,4.0,1.0,0.597,1.0,
P3,4.0,1.0,0.4211,1.0,
P3,4.0,1.0,0.4133,1.0,
P3,4.0,2.0,0.437,1.0,
P3,4.0,2.0,0.5004,1.0,
P3,4.0,1.0,0.4517,1.0,
P3,4.0,2.0,0.5131,1.0,
P3,3.0,1.0,0.3926,1.0,
P3,3.0,1.0,0.3959,0.0,
P3,3.0,2.0,0.5147,1.0,
P3,4.0,2.0,0.6006,1.0,
P3,4.0,1.0,0.4259,1.0,
P3,4.0,1.0,0.411,1.0,
P3,4.0,2.0,0.6456,1.0,
P3,4.0,1.0,0.4697,1.0,
P3,3.0,1.0,0.4483,1.0,
P3,4.0,1.0,0.4676,1.0,
P3,3.0,1.0,0.42,1.0,
P3,3.0,1.0,0.4345,1.0,
P3,3.0,1.0,0.6148,1.0,
P3,3.0,2.0,0.4421,1.0,
P3,4.0,2.0,0.376,1.0,
P3,3.0,2.0,0.4346,1.0,
P3,4.0,2.0,0.4419,1.0,
P3,4.0,2.0,0.5663,1.0,
P3,3.0,1.0,0.3801,1.0,
P3,4.0,2.0,0.3885,1.0,
P3,3.0,1.0,0.7915,1.0,
P3,4.0,2.0,0.4189,1.0,
P3,4.0,1.0,0.4746,1.0,
P3,4.0,2.0,0.5109,1.0,
P3,4.0,2.0,0.4181,1.0,
P3,3.0,1.0,0.3691,1.0,
P3,3.0,2.0,0.4818,1.0,
P3,3.0,1.0,0.3678,1.0,
P3,4.0,1.0,0.3667,1.0,
P3,4.0,1.0,0.7329,1.0,
P3,3.0,1.0,0.3964,1.0,
P3,4.0,1.0,0.4395,1.0,
P3,4.0,1.0,0.398,1.0,
P3,3.0,1.0,0.402,1.0,
P3,4.0,2.0,0.5103,1.0,
P3,3.0,2.0,0.4153,1.0,
P3,4.0,1.0,0.4608,1.0,
P3,3.0,2.0,0.4442,1.0,
P3,4.0,2.0,0.3935,0.0,
P3,3.0,2.0,0.4955,1.0,
P3,4.0,1.0,0.6997,1.0,
P3,3.0,1.0,,0.0,
P3,4.0,2.0,,0.0,
P3,4.0,1.0,1.316,1.0,
P3,4.0,1.0,0.569,1.0,
P3,4.0,1.0,0.443,1.0,
P3,3.0,1.0,0.3983,1.0,
P3,3.0,1.0,0.3812,1.0,
P3,4.0,2.0,0.851,1.0,
P3,3.0,2.0,0.4636,1.0,
P3,3.0,2.0,0.8292,0.0,
P3,3.0,1.0,0.7229,1.0,
P3,3.0,1.0,0.4988,1.0,
P3,3.0,1.0,0.6663,1.0,
P3,3.0,2.0,0.496,0.0,
P3,3.0,2.0,0.569,1.0,
P3,3.0,2.0,0.4834,1.0,
P3,3.0,1.0,0.5374,1.0,
P3,4.0,1.0,0.5839,1.0,
P3,3.0,1.0,0.4805,1.0,
P3,3.0,2.0,0.4837,1.0,
P3,3.0,2.0,0.6675,0.0,
P3,3.0,2.0,0.4486,1.0,
P3,4.0,2.0,0.5268,1.0,
P3,3.0,1.0,0.5079,1.0,
P3,3.0,1.0,0.6464,1.0,
P3,3.0,2.0,0.5519,1.0,
P3,3.0,2.0,0.4855,0.0,
P3,4.0,1.0,0.5604,1.0,
P3,4.0,2.0,0.5468,1.0,
P3,3.0,1.0,0.5081,1.0,
P3,4.0,1.0,0.4628,1.0,
P3,4.0,1.0,0.4351,1.0,
P3,4.0,2.0,0.537,1.0,
P3,4.0,2.0,0.6712,1.0,
P3,3.0,1.0,0.4648,1.0,
P3,4.0,2.0,0.4826,1.0,
P3,3.0,2.0,0.6115,1.0,
P3,4.0,2.0,0.5301,1.0,
P3,3.0,1.0,0.3995,1.0,
P3,3.0,1.0,0.4642,0.0,
P3,4.0,1.0,0.4969,1.0,
P3,3.0,2.0,0.4954,1.0,
P3,3.0,2.0,0.6106,1.0,
P3,4.0,1.0,0.5975,1.0,
P3,3.0,2.0,0.5616,1.0,
P3,4.0,2.0,0.4794,1.0,
P3,3.0,2.0,0.433,1.0,
P3,3.0,2.0,0.4788,1.0,
P3,3.0,2.0,0.4779,1.0,
P3,3.0,1.0,0.5841,1.0,
P3,3.0,2.0,0.458,1.0,
P3,4.0,2.0,0.4235,1.0,
P3,4.0,1.0,0.4277,1.0,
P3,4.0,1.0,0.5119,1.0,
P3,4.0,2.0,0.4978,1.0,
P3,3.0,1.0,0.5977,1.0,
P3,4.0,2.0,0.4127,1.0,
P3,3.0,1.0,0.5492,1.0,
P3,3.0,2.0,0.4489,0.0,
P3,4.0,2.0,0.5309,1.0,
P3,4.0,1.0,0.3783,1.0,
P3,4.0,1.0,0.4418,1.0,
P3,3.0,1.0,0.3673,1.0,
P3,3.0,2.0,0.4263,1.0,
P3,3.0,2.0,1.0914,1.0,
P3,4.0,1.0,0.5313,1.0,
P3,3.0,1.0,0.5278,1.0,
P3,4.0,1.0,0.3708,1.0,
P3,3.0,2.0,0.4325,1.0,
P3,3.0,2.0,0.4611,1.0,
P3,3.0,2.0,0.5442,1.0,
P3,4.0,2.0,0.5288,0.0,
P3,4.0,2.0,0.4767,1.0,
P3,3.0,1.0,0.42,1.0,
P3,4.0,2.0,0.476,1.0,
P3,3.0,1.0,0.4478,1.0,
P3,3.0,2.0,0.5944,1.0,
P3,4.0,2.0,0.6266,1.0,
P3,3.0,2.0,0.4329,1.0,
P3,3.0,2.0,0.4472,1.0,
P3,4.0,2.0,0.4169,1.0,
P3,4.0,2.0,0.48,1.0,
P3,3.0,1.0,0.426,1.0,
P3,4.0,2.0,0.4912,1.0,
P3,4.0,2.0,0.9431,1.0,
P3,4.0,1.0,0.3982,1.0,
P3,4.0,1.0,0.4413,1.0,
P3,4.0,2.0,0.4294,1.0,
P3,4.0,2.0,0.4827,1.0,
P3,3.0,1.0,0.3838,1.0,
P3,3.0,2.0,0.4991,1.0,
P3,3.0,2.0,0.4659,1.0,
P3,4.0,2.0,0.448,1.0,
P3,4.0,1.0,0.5589,1.0,
P3,3.0,1.0,0.3939,1.0,
P3,3.0,1.0,0.416,1.0,
P3,4.0,2.0,0.4635,1.0,
P3,4.0,2.0,0.6345,1.0,
P3,3.0,1.0,0.4615,1.0,
P3,3.0,1.0,0.4854,1.0,
P3,3.0,2.0,0.4613,1.0,
P3,4.0,2.0,0.4341,1.0,
P3,4.0,2.0,0.4261,1.0,
P3,4.0,1.0,0.3678,1.0,
P3,3.0,2.0,0.4265,1.0,
P3,4.0,2.0,0.4433,1.0,
P3,4.0,1.0,0.391,1.0,
P3,4.0,1.0,0.408,0.0,
P3,4.0,2.0,0.4852,1.0,
P3,3.0,1.0,0.3785,1.0,
P3,4.0,1.0,0.3936,1.0,
P3,3.0,1.0,0.3784,1.0,
P3,4.0,2.0,0.5461,1.0,
P3,3.0,1.0,0.5097,1.0,
P3,3.0,2.0,0.4174,1.0,
P3,4.0,1.0,0.8357,1.0,
P3,3.0,2.0,0.6793,1.0,
P3,3.0,1.0,0.4085,1.0,
P3,3.0,1.0,0.6064,1.0,
P3,4.0,1.0,0.4801,0.0,
P3,3.0,1.0,0.719,1.0,
P3,4.0,1.0,0.4866,1.0,
P3,4.0,2.0,0.5178,1.0,
P3,4.0,2.0,0.4806,1.0,
P3,4.0,1.0,0.4531,1.0,
P3,4.0,2.0,0.5318,1.0,
P3,4.0,2.0,0.5498,1.0,
P3,3.0,2.0,0.5458,1.0,
P3,3.0,2.0,0.445,1.0,
P3,3.0,1.0,0.4461,1.0,
P3,4.0,2.0,0.5122,1.0,
P3,3.0,2.0,0.3759,1.0,
P3,3.0,2.0,0.5145,1.0,
P3,4.0,1.0,0.5103,1.0,
P3,4.0,2.0,0.5976,1.0,
P3,4.0,1.0,0.5785,1.0,
P3,3.0,2.0,0.4802,1.0,
P3,4.0,2.0,0.4488,1.0,
P3,3.0,2.0,0.4939,1.0,
P3,4.0,2.0,0.515,1.0,
P3,3.0,2.0,0.5671,1.0,
P3,4.0,1.0,0.5393,1.0,
P3,3.0,1.0,0.3625,1.0,
P3,3.0,2.0,0.4521,1.0,
P3,4.0,2.0,0.5151,1.0,
P3,3.0,2.0,0.4312,1.0,
P3,3.0,1.0,0.6292,1.0,
P3,4.0,1.0,0.5157,1.0,
P3,3.0,1.0,0.4153,1.0,
P3,4.0,2.0,0.4051,1.0,
P3,3.0,2.0,0.6433,1.0,
P3,4.0,2.0,0.4922,1.0,
P3,4.0,1.0,0.4459,1.0,
P3,4.0,2.0,0.477,1.0,
P3,3.0,2.0,0.4161,1.0,
P3,3.0,2.0,0.4447,1.0,
P3,3.0,1.0,0.3797,1.0,
P3,3.0,2.0,0.4449,0.0,
P3,4.0,2.0,0.4677,1.0,
P3,3.0,2.0,0.4668,1.0,
P3,3.0,1.0,0.4691,1.0,
P3,4.0,1.0,0.4677,0.0,
P3,3.0,2.0,0.5421,1.0,
P3,3.0,2.0,0.5742,1.0,
P3,4.0,1.0,0.5474,1.0,
P3,4.0,1.0,0.3928,1.0,
P3,3.0,1.0,0.3733,1.0,
P3,4.0,1.0,0.4128,1.0,
P3,3.0,1.0,0.375,1.0,
P3,3.0,1.0,0.3944,1.0,
P3,4.0,2.0,0.4802,1.0,
P3,4.0,1.0,0.4024,1.0,
P3,4.0,1.0,0.47,1.0,
P3,4.0,2.0,0.4801,1.0,
P3,3.0,2.0,0.6633,1.0,
P3,4.0,2.0,0.444,1.0,
P3,3.0,1.0,0.3646,0.0,
P3,4.0,1.0,0.4618,1.0,
P3,4.0,2.0,0.4128,1.0,
P3,3.0,2.0,0.7664,1.0,
P3,3.0,1.0,0.3964,1.0,
P3,3.0,1.0,0.3782,1.0,
P3,3.0,2.0,0.5113,1.0,
P3,3.0,1.0,0.4817,1.0,
P3,4.0,1.0,0.6657,1.0,
P3,3.0,1.0,0.3945,1.0,
P3,4.0,1.0,0.4809,1.0,
P3,4.0,1.0,0.3785,1.0,
P3,4.0,2.0,0.5576,1.0,
P3,4.0,2.0,0.4305,1.0,
P3,4.0,1.0,0.4145,1.0,
P3,4.0,1.0,0.4628,1.0,
P3,4.0,2.0,0.4305,1.0,
P3,4.0,1.0,0.4641,1.0,
P3,3.0,1.0,0.3953,1.0,
P3,4.0,1.0,0.4318,1.0,
P3,3.0,1.0,0.7447,1.0,
P3,4.0,2.0,0.4771,1.0,
P3,3.0,2.0,0.5605,1.0,
P3,3.0,2.0,0.483,1.0,
P3,4.0,2.0,0.4667,1.0,
P3,3.0,2.0,0.4742,1.0,
P3,3.0,2.0,0.4452,1.0,
P3,3.0,1.0,0.377,1.0,
P3,4.0,1.0,0.4647,1.0,
P3,4.0,2.0,0.4803,1.0,
P3,4.0,1.0,0.5467,1.0,
P3,3.0,2.0,0.4837,1.0,
P3,3.0,1.0,0.3666,1.0,
P3,3.0,1.0,0.3796,1.0,
P3,3.0,1.0,0.3755,1.0,
P3,3.0,1.0,0.4016,1.0,
P3,3.0,2.0,0.4088,1.0,
P3,3.0,2.0,0.6278,1.0,
P3,3.0,1.0,0.426,1.0,
P3,4.0,2.0,0.5686,1.0,
P3,3.0,2.0,0.8621,1.0,
P3,4.0,2.0,0.5287,1.0,
P3,4.0,2.0,0.4167,1.0,
P3,4.0,1.0,0.5015,1.0,
P3,3.0,2.0,0.5632,1.0,
P3,3.0,2.0,0.4828,1.0,
P3,4.0,1.0,0.364,1.0,
P3,3.0,2.0,0.5135,1.0,
P3,3.0,1.0,0.5805,1.0,
P3,3.0,1.0,0.4122,1.0,
P3,4.0,2.0,0.4156,1.0,
P3,3.0,2.0,0.5609,1.0,
P3,3.0,2.0,0.6594,1.0,
P3,4.0,1.0,0.715,1.0,
P3,3.0,2.0,0.4647,1.0,
P3,4.0,2.0,0.3958,1.0,
P3,3.0,2.0,0.4083,1.0,
P3,4.0,1.0,0.4164,1.0,
P3,3.0,2.0,0.4465,1.0,
P3,4.0,2.0,0.4395,1.0,
P3,3.0,1.0,0.5597,1.0,
P3,3.0,1.0,0.6598,1.0,
P3,3.0,2.0,0.4303,1.0,
P3,3.0,1.0,0.4327,1.0,
P3,4.0,2.0,0.4021,1.0,
P3,4.0,1.0,0.3994,1.0,
P3,4.0,2.0,0.4464,1.0,
P3,3.0,1.0,0.5095,0.0,
P3,3.0,1.0,0.3972,1.0,
P3,4.0,1.0,0.4249,1.0,
P3,3.0,1.0,0.4478,1.0,
P3,3.0,2.0,0.433,1.0,
P3,3.0,2.0,0.4594,1.0,
P3,4.0,2.0,0.3467,0.0,
P3,4.0,2.0,0.4918,1.0,
P3,4.0,1.0,0.4429,1.0,
P3,3.0,1.0,0.4026,1.0,
P3,3.0,2.0,0.5005,1.0,
P3,3.0,1.0,0.5823,1.0,
P3,4.0,2.0,0.5177,1.0,
P3,3.0,2.0,0.5628,1.0,
P3,3.0,1.0,0.4304,1.0,
P3,3.0,2.0,0.5442,1.0,
P3,4.0,1.0,0.38,1.0,
P3,4.0,2.0,0.4642,1.0,
P3,4.0,2.0,0.6604,1.0,
P3,4.0,2.0,0.5301,1.0,
P3,3.0,1.0,0.598,1.0,
P3,4.0,1.0,0.7006,1.0,
P3,4.0,1.0,0.5987,1.0,
P3,4.0,1.0,0.3977,1.0,
P3,3.0,1.0,0.3964,1.0,
P3,4.0,2.0,0.7073,1.0,
P3,4.0,2.0,0.4759,1.0,
P3,3.0,1.0,0.3979,1.0,
P3,3.0,2.0,0.4996,1.0,
P3,3.0,2.0,0.814,1.0,
P3,4.0,1.0,0.5224,1.0,
P3,4.0,1.0,0.5978,1.0,
P3,4.0,1.0,0.4667,1.0,
P3,4.0,1.0,0.4141,1.0,
P3,3.0,2.0,0.4484,1.0,
P3,4.0,2.0,0.4304,1.0,
P3,3.0,2.0,0.4834,1.0,
P3,3.0,2.0,0.4101,1.0,
P3,3.0,2.0,0.4104,1.0,
P3,3.0,1.0,0.4323,1.0,
P3,4.0,1.0,0.4943,1.0,
P3,4.0,1.0,0.4407,1.0,
P3,3.0,2.0,0.5114,1.0,
P3,4.0,1.0,0.5,1.0,
P3,4.0,1.0,0.617,1.0,
P3,4.0,2.0,0.5014,1.0,
P3,4.0,2.0,0.4802,1.0,
P3,4.0,2.0,0.6925,1.0,
P3,3.0,2.0,0.4255,1.0,
P3,3.0,1.0,0.4481,1.0,
P3,3.0,1.0,0.4451,1.0,
P3,3.0,2.0,0.3785,1.0,
P3,4.0,1.0,0.3639,1.0,
P3,3.0,1.0,0.4946,1.0,
P3,3.0,1.0,0.4144,1.0,
P3,4.0,2.0,0.4967,1.0,
P3,4.0,2.0,0.4153,1.0,
P3,4.0,1.0,0.3828,1.0,
P3,3.0,1.0,0.3973,1.0,
P3,4.0,1.0,0.4478,1.0,
P3,3.0,2.0,0.375,1.0,
P3,4.0,2.0,0.4631,1.0,
P3,3.0,1.0,0.3994,1.0,
P3,4.0,2.0,0.6626,1.0,
P3,4.0,1.0,0.4093,0.0,
P3,4.0,1.0,0.717,1.0,
P3,3.0,1.0,0.5302,1.0,
P3,4.0,2.0,0.4827,1.0,
P3,4.0,2.0,0.5837,1.0,
P3,4.0,1.0,0.3839,1.0,
P3,4.0,2.0,0.427,1.0,
P3,4.0,2.0,0.448,1.0,
P3,3.0,2.0,0.5248,1.0,
P3,3.0,1.0,0.6388,1.0,
P3,4.0,2.0,0.498,1.0,
P3,3.0,1.0,0.4296,1.0,
P3,3.0,2.0,0.4247,1.0,
P3,3.0,1.0,0.3935,1.0,
P3,4.0,1.0,0.4159,1.0,
P3,3.0,1.0,0.4214,1.0,
P3,4.0,2.0,0.5497,1.0,
P3,3.0,2.0,0.4456,1.0,
P3,3.0,1.0,0.4467,1.0,
P3,4.0,1.0,0.3636,1.0,
P3,4.0,1.0,0.3808,1.0,
P3,4.0,2.0,0.4478,1.0,
P3,3.0,1.0,0.392,1.0,
P3,4.0,1.0,0.3596,0.0,
P3,3.0,2.0,0.6532,1.0,
P3,4.0,1.0,0.3968,1.0,
P3,4.0,2.0,0.3959,1.0,
P3,3.0,1.0,0.5103,1.0,
P3,3.0,1.0,0.389,1.0,
P3,3.0,1.0,0.4601,1.0,
P3,3.0,1.0,0.3779,1.0,
P3,4.0,1.0,0.6035,1.0,
P3,3.0,2.0,0.4808,1.0,
P3,4.0,1.0,0.3707,1.0,
P3,3.0,2.0,0.4987,1.0,
P3,3.0,1.0,0.3806,1.0,
P3,3.0,2.0,0.465,1.0,
P3,4.0,2.0,0.5754,1.0,
P3,3.0,1.0,0.3492,1.0,
P3,4.0,2.0,0.4962,1.0,
P3,4.0,2.0,0.3907,1.0,
P3,3.0,2.0,0.5411,1.0,
P3,3.0,1.0,0.3945,0.0,
P3,4.0,1.0,0.4144,1.0,
P3,3.0,1.0,0.4488,1.0,
P3,4.0,2.0,0.5518,1.0,
P3,3.0,1.0,0.5165,1.0,
P3,3.0,1.0,0.3504,1.0,
P3,3.0,2.0,0.4925,1.0,
P3,4.0,1.0,0.4424,1.0,
P3,3.0,1.0,0.395,1.0,
P3,3.0,2.0,0.5632,1.0,
P3,3.0,2.0,0.5321,1.0,
P3,3.0,2.0,0.4665,1.0,
P3,4.0,1.0,0.4387,1.0,
P3,4.0,1.0,0.4977,1.0,
P3,4.0,1.0,0.4487,1.0,
P3,3.0,2.0,0.517,1.0,
P3,4.0,2.0,0.5305,1.0,
P3,4.0,2.0,0.6808,1.0,
P3,4.0,1.0,0.4451,0.0,
P3,3.0,2.0,0.4754,1.0,
P3,3.0,2.0,0.6088,1.0,
P3,4.0,1.0,0.4477,1.0,
P3,4.0,1.0,0.4108,1.0,
P3,4.0,1.0,0.4017,1.0,
P3,3.0,1.0,0.457,0.0,
P3,4.0,1.0,0.4634,1.0,
P3,3.0,1.0,0.3657,1.0,
P3,4.0,1.0,0.3983,1.0,
P3,4.0,1.0,0.3623,1.0,
P3,4.0,2.0,0.525,1.0,
P3,4.0,2.0,0.5108,1.0,
P3,3.0,1.0,0.3617,1.0,
P4,3.0,2.0,0.6827,1.0,
P4,4.0,1.0,0.6469,0.0,
P4,4.0,1.0,0.8139,1.0,
P4,4.0,2.0,0.885,0.0,
P4,3.0,2.0,0.7494,0.0,
P4,4.0,2.0,0.6352,0.0,
P4,4.0,2.0,0.6846,0.0,
P4,4.0,1.0,0.5542,0.0,
P4,4.0,1.0,0.5836,0.0,
P4,3.0,1.0,0.5985,0.0,
P4,4.0,2.0,0.6313,0.0,
P4,3.0,1.0,0.7122,0.0,
P4,3.0,2.0,0.8678,1.0,
P4,4.0,1.0,0.772,0.0,
P4,3.0,2.0,0.7506,0.0,
P4,4.0,1.0,0.5822,0.0,
P4,3.0,2.0,0.7995,1.0,
P4,4.0,2.0,0.8816,0.0,
P4,4.0,2.0,0.6311,1.0,
P4,4.0,2.0,0.616,0.0,
P4,3.0,2.0,0.7145,1.0,
P4,4.0,1.0,0.7145,0.0,
P4,4.0,2.0,0.9139,1.0,
P4,3.0,1.0,0.6644,0.0,
P4,4.0,1.0,0.6152,0.0,
P4,4.0,2.0,0.5559,0.0,
P4,3.0,1.0,0.5326,0.0,
P4,3.0,1.0,0.5642,0.0,
P4,3.0,1.0,0.9846,0.0,
P4,4.0,2.0,0.698,0.0,
P4,4.0,1.0,0.7398,0.0,
P4,3.0,1.0,0.7147,0.0,
P4,3.0,1.0,0.6165,0.0,
P4,3.0,1.0,0.5812,0.0,
P4,3.0,1.0,0.6156,0.0,
P4,3.0,1.0,0.6335,0.0,
P4,4.0,1.0,0.5837,1.0,
P4,4.0,1.0,0.5845,0.0,
P4,3.0,1.0,0.6132,0.0,
P4,4.0,1.0,0.4674,0.0,
P4,4.0,1.0,0.9333,0.0,
P4,4.0,2.0,0.5872,0.0,
P4,3.0,1.0,0.715,0.0,
P4,4.0,1.0,0.7806,0.0,
P4,3.0,1.0,0.5519,0.0,
P4,4.0,1.0,0.5321,0.0,
P4,3.0,2.0,0.5467,0.0,
P4,3.0,2.0,0.5974,0.0,
P4,4.0,1.0,0.8211,1.0,
P4,4.0,2.0,0.6398,1.0,
P4,3.0,2.0,0.637,1.0,
P4,4.0,1.0,0.5894,0.0,
P4,4.0,2.0,0.5855,0.0,
P4,4.0,1.0,0.663,0.0,
P4,3.0,2.0,0.7029,1.0,
P4,3.0,1.0,0.6024,0.0,
P4,3.0,1.0,0.506,0.0,
P4,3.0,1.0,0.5491,0.0,
P4,4.0,1.0,0.5169,0.0,
P4,4.0,1.0,0.6071,0.0,
P4,3.0,2.0,0.6323,1.0,
P4,4.0,2.0,0.4648,0.0,
P4,3.0,1.0,0.5516,0.0,
P4,3.0,1.0,0.6504,0.0,
P4,4.0,2.0,0.5941,0.0,
P4,4.0,1.0,0.5734,0.0,
P4,4.0,2.0,0.5604,0.0,
P4,3.0,2.0,0.7314,1.0,
P4,4.0,1.0,0.5367,0.0,
P4,4.0,2.0,0.5313,0.0,
P4,3.0,1.0,0.6478,0.0,
P4,3.0,2.0,0.8476,0.0,
P4,3.0,2.0,0.716,0.0,
P4,4.0,2.0,0.8326,0.0,
P4,3.0,2.0,0.6148,1.0,
P4,4.0,2.0,0.6001,0.0,
P4,4.0,1.0,0.9331,0.0,
P4,3.0,2.0,0.6837,0.0,
P4,4.0,1.0,0.6328,0.0,
P4,3.0,2.0,0.6195,0.0,
P4,4.0,2.0,0.8129,0.0,
P4,3.0,1.0,0.5486,0.0,
P4,4.0,2.0,0.5202,0.0,
P4,4.0,1.0,0.6497,0.0,
P4,4.0,2.0,0.5575,0.0,
P4,3.0,1.0,0.6309,0.0,
P4,3.0,1.0,0.4821,0.0,
P4,3.0,2.0,0.5327,0.0,
P4,4.0,1.0,0.7284,0.0,
P4,4.0,2.0,0.8802,1.0,
P4,4.0,2.0,0.4638,0.0,
P4,3.0,2.0,0.5999,0.0,
P4,3.0,1.0,0.549,0.0,
P4,3.0,2.0,0.5219,0.0,
P4,3.0,1.0,0.5703,0.0,
P4,3.0,1.0,0.5655,0.0,
P4,3.0,2.0,0.5806,0.0,
P4,3.0,1.0,0.5169,0.0,
P4,3.0,2.0,0.7168,1.0,
P4,4.0,2.0,0.9896,0.0,
P4,4.0,2.0,0.6311,0.0,
P4,3.0,2.0,0.8338,1.0,
P4,4.0,1.0,0.7471,0.0,
P4,3.0,2.0,0.7815,0.0,
P4,4.0,1.0,0.9029,0.0,
P4,4.0,2.0,0.5829,0.0,
P4,3.0,1.0,0.632,0.0,
P4,4.0,2.0,0.4954,0.0,
P4,3.0,1.0,0.3806,0.0,
P4,4.0,1.0,0.4709,0.0,
P4,4.0,1.0,0.5145,1.0,
P4,4.0,2.0,0.7215,0.0,
P4,3.0,2.0,0.6481,1.0,
P4,3.0,2.0,0.7398,0.0,
P4,3.0,2.0,0.7315,0.0,
P4,4.0,2.0,0.8352,0.0,
P4,3.0,2.0,0.5657,0.0,
P4,3.0,2.0,0.4703,0.0,
P4,3.0,1.0,0.4651,0.0,
P4,4.0,1.0,0.5837,0.0,
P4,3.0,2.0,0.6826,0.0,
P4,3.0,2.0,0.6387,0.0,
P4,3.0,2.0,0.4493,0.0,
P4,4.0,1.0,0.4865,0.0,
P4,4.0,1.0,0.6241,0.0,
P4,4.0,2.0,0.6968,1.0,
P4,3.0,2.0,0.6329,0.0,
P4,4.0,2.0,0.5826,1.0,
P4,3.0,1.0,0.5678,0.0,
P4,4.0,1.0,0.5657,1.0,
P4,3.0,2.0,0.5772,0.0,
P4,4.0,2.0,0.5834,0.0,
P4,4.0,2.0,0.5152,0.0,
P4,3.0,1.0,0.5039,0.0,
P4,4.0,1.0,0.6492,0.0,
P4,4.0,1.0,0.5997,0.0,
P4,4.0,1.0,0.5914,0.0,
P4,3.0,1.0,0.6229,0.0,
P4,3.0,2.0,0.6008,0.0,
P4,4.0,2.0,0.4823,0.0,
P4,3.0,2.0,0.4849,0.0,
P4,3.0,1.0,0.4886,1.0,
P4,3.0,1.0,0.5411,0.0,
P4,4.0,2.0,0.4823,0.0,
P4,3.0,2.0,0.8313,0.0,
P4,3.0,1.0,0.6365,0.0,
P4,3.0,1.0,0.7154,0.0,
P4,3.0,1.0,0.6468,0.0,
P4,3.0,1.0,0.6997,0.0,
P4,3.0,2.0,0.5474,0.0,
P4,4.0,1.0,0.8136,0.0,
P4,4.0,2.0,0.5807,0.0,
P4,3.0,2.0,0.6516,0.0,
P4,4.0,1.0,0.5169,0.0,
P4,4.0,1.0,0.5699,0.0,
P4,4.0,2.0,0.5336,0.0,
P4,3.0,1.0,0.5158,0.0,
P4,4.0,2.0,0.5297,0.0,
P4,4.0,2.0,0.632,0.0,
P4,4.0,1.0,0.7163,1.0,
P4,4.0,1.0,0.7009,0.0,
P4,4.0,2.0,0.531,0.0,
P4,3.0,2.0,0.5845,0.0,
P4,4.0,2.0,0.6474,0.0,
P4,3.0,1.0,0.6329,0.0,
P4,4.0,1.0,0.7473,0.0,
P4,3.0,2.0,0.8998,1.0,
P4,3.0,2.0,0.5996,0.0,
P4,3.0,2.0,0.6157,1.0,
P4,3.0,1.0,0.5644,1.0,
P4,3.0,2.0,0.6323,1.0,
P4,3.0,2.0,0.64,0.0,
P4,4.0,1.0,0.6858,0.0,
P4,3.0,1.0,0.7705,1.0,
P4,3.0,1.0,0.5323,0.0,
P4,3.0,2.0,0.7151,0.0,
P4,4.0,2.0,0.6153,0.0,
P4,4.0,1.0,0.6389,0.0,
P4,4.0,1.0,0.5656,1.0,
P4,4.0,2.0,0.5528,0.0,
P4,4.0,2.0,0.5144,0.0,
P4,4.0,1.0,0.6156,0.0,
P4,3.0,2.0,0.5486,0.0,
P4,4.0,2.0,0.5029,0.0,
P4,4.0,1.0,0.5841,1.0,
P4,4.0,1.0,0.5039,0.0,
P4,4.0,1.0,0.6831,0.0,
P4,4.0,1.0,0.6357,0.0,
P4,3.0,2.0,0.4799,0.0,
P4,3.0,2.0,0.6823,0.0,
P4,3.0,2.0,0.4153,0.0,
P4,3.0,1.0,0.4711,0.0,
P4,3.0,2.0,0.5535,0.0,
P4,4.0,2.0,0.4992,0.0,
P4,4.0,1.0,0.6336,0.0,
P4,4.0,1.0,0.5814,0.0,
P4,4.0,2.0,0.6229,0.0,
P4,4.0,2.0,0.4812,0.0,
P4,3.0,2.0,0.4991,0.0,
P4,3.0,1.0,0.747,0.0,
P4,3.0,2.0,0.5653,0.0,
P4,4.0,1.0,0.5995,0.0,
P4,3.0,1.0,0.5228,0.0,
P4,4.0,1.0,0.6664,0.0,
P4,3.0,2.0,,0.0,
P4,4.0,1.0,0.5295,0.0,
P4,4.0,2.0,0.5505,0.0,
P4,4.0,1.0,0.6812,0.0,
P4,3.0,1.0,0.5228,0.0,
P4,4.0,1.0,0.6327,0.0,
P4,4.0,2.0,0.4314,0.0,
P4,3.0,1.0,0.7181,0.0,
P4,4.0,1.0,0.5826,0.0,
P4,3.0,1.0,0.5722,0.0,
P4,4.0,2.0,0.6504,0.0,
P4,3.0,1.0,0.5403,0.0,
P4,4.0,2.0,0.5493,0.0,
P4,4.0,2.0,0.5336,0.0,
P4,3.0,1.0,0.5218,0.0,
P4,4.0,2.0,0.6714,1.0,
P4,3.0,1.0,0.6643,0.0,
P4,4.0,2.0,0.4538,0.0,
P4,3.0,1.0,0.6552,0.0,
P4,3.0,2.0,0.53,1.0,
P4,3.0,1.0,0.4277,0.0,
P4,4.0,1.0,0.5159,0.0,
P4,3.0,2.0,0.6986,0.0,
P4,3.0,2.0,0.5144,0.0,
P4,3.0,2.0,0.579,0.0,
P4,4.0,2.0,0.5514,0.0,
P4,4.0,2.0,0.7496,1.0,
P4,3.0,2.0,0.7138,0.0,
P4,4.0,1.0,0.5505,0.0,
P4,3.0,1.0,0.5374,0.0,
P4,4.0,1.0,0.6198,0.0,
P4,3.0,1.0,0.5997,0.0,
P4,3.0,1.0,0.5652,1.0,
P4,4.0,2.0,0.4489,1.0,
P4,3.0,1.0,0.6638,0.0,
P4,4.0,1.0,0.6,0.0,
P4,3.0,2.0,0.5848,0.0,
P4,3.0,2.0,0.534,0.0,
P4,4.0,1.0,0.5897,0.0,
P4,3.0,2.0,0.5649,0.0,
P4,3.0,2.0,0.5301,0.0,
P4,4.0,1.0,0.6301,0.0,
P4,4.0,2.0,0.6037,0.0,
P4,3.0,1.0,0.5677,0.0,
P4,4.0,1.0,0.4666,0.0,
P4,3.0,2.0,0.7216,0.0,
P4,4.0,2.0,0.665,0.0,
P4,3.0,1.0,0.7165,0.0,
P4,3.0,1.0,0.4825,0.0,
P4,3.0,1.0,0.5176,0.0,
P4,3.0,2.0,0.6787,0.0,
P4,4.0,2.0,0.6486,0.0,
P4,3.0,2.0,0.5812,0.0,
P4,3.0,1.0,0.5654,1.0,
P4,4.0,1.0,0.4818,0.0,
P4,4.0,1.0,0.432,0.0,
P4,4.0,2.0,0.5144,0.0,
P4,4.0,1.0,0.6493,0.0,
P4,3.0,1.0,0.4193,0.0,
P4,4.0,1.0,0.5387,0.0,
P4,3.0,1.0,0.4817,0.0,
P4,3.0,1.0,0.6889,0.0,
P4,4.0,2.0,0.6493,0.0,
P4,3.0,1.0,0.7847,0.0,
P4,4.0,1.0,0.7327,0.0,
P4,4.0,1.0,0.4735,0.0,
P4,4.0,2.0,0.5326,0.0,
P4,4.0,2.0,0.6663,0.0,
P4,3.0,2.0,0.8152,1.0,
P4,4.0,2.0,0.6136,1.0,
P4,4.0,1.0,0.5211,0.0,
P4,3.0,1.0,0.6159,0.0,
P4,4.0,2.0,0.7823,0.0,
P4,3.0,2.0,0.6169,0.0,
P4,4.0,2.0,0.4905,0.0,
P4,4.0,2.0,0.7304,0.0,
P4,4.0,2.0,0.4719,0.0,
P4,3.0,2.0,0.7811,0.0,
P4,3.0,1.0,0.5527,0.0,
P4,4.0,1.0,0.4648,0.0,
P4,3.0,2.0,0.5396,0.0,
P4,3.0,1.0,0.5714,0.0,
P4,3.0,2.0,0.4988,1.0,
P4,3.0,1.0,0.5964,0.0,
P4,4.0,2.0,0.5472,0.0,
P4,3.0,1.0,0.6027,0.0,
P4,4.0,1.0,0.5823,0.0,
P4,3.0,2.0,0.6156,0.0,
P4,3.0,1.0,0.7344,1.0,
P4,3.0,2.0,0.6163,0.0,
P4,3.0,1.0,0.5822,1.0,
P4,3.0,2.0,0.6346,0.0,
P4,3.0,1.0,0.6319,0.0,
P4,4.0,1.0,0.5792,0.0,
P4,4.0,1.0,1.0834,0.0,
P4,4.0,2.0,0.7012,0.0,
P4,4.0,2.0,0.7405,0.0,
P4,3.0,2.0,0.6219,0.0,
P4,4.0,2.0,0.5865,0.0,
P4,3.0,2.0,0.5816,0.0,
P4,4.0,1.0,0.5483,0.0,
P4,4.0,1.0,0.5694,0.0,
P4,4.0,2.0,0.5149,0.0,
P4,3.0,1.0,0.483,0.0,
P4,4.0,1.0,0.5647,0.0,
P4,3.0,2.0,0.5509,0.0,
P4,4.0,1.0,0.6574,0.0,
P4,3.0,1.0,0.5654,0.0,
P4,3.0,1.0,0.522,0.0,
P4,3.0,2.0,0.5203,0.0,
P4,3.0,2.0,0.5804,0.0,
P4,3.0,1.0,0.5886,0.0,
P4,3.0,1.0,0.616,0.0,
P4,4.0,2.0,0.6329,0.0,
P4,4.0,2.0,0.5983,1.0,
P4,4.0,1.0,0.6189,0.0,
P4,4.0,2.0,0.4964,0.0,
P4,3.0,2.0,0.6641,0.0,
P4,4.0,1.0,0.5655,0.0,
P4,3.0,1.0,0.7393,1.0,
P4,3.0,2.0,0.7206,0.0,
P4,4.0,1.0,0.4901,0.0,
P4,4.0,1.0,0.5342,0.0,
P4,3.0,2.0,0.548,0.0,
P4,4.0,2.0,0.5137,0.0,
P4,3.0,1.0,0.615,0.0,
P4,3.0,1.0,0.5657,0.0,
P4,4.0,1.0,0.5215,0.0,
P4,4.0,2.0,0.4329,0.0,
P4,3.0,1.0,0.5824,0.0,
P4,4.0,1.0,0.6157,0.0,
P4,4.0,1.0,0.5122,0.0,
P4,4.0,1.0,0.6677,0.0,
P4,4.0,1.0,0.4658,0.0,
P4,3.0,2.0,0.585,0.0,
P4,3.0,2.0,0.5743,1.0,
P4,3.0,2.0,0.5299,0.0,
P4,3.0,2.0,0.7319,1.0,
P4,3.0,2.0,0.4995,0.0,
P4,3.0,1.0,0.4732,0.0,
P4,4.0,2.0,0.5825,0.0,
P4,3.0,2.0,0.7193,0.0,
P4,4.0,2.0,0.6162,0.0,
P4,3.0,1.0,0.4825,0.0,
P4,4.0,1.0,0.5668,0.0,
P4,4.0,1.0,0.5497,0.0,
P4,4.0,1.0,0.3833,0.0,
P4,4.0,2.0,0.4031,0.0,
P4,4.0,2.0,0.4407,0.0,
P4,3.0,2.0,0.5335,0.0,
P4,3.0,1.0,0.5257,0.0,
P4,4.0,1.0,0.535,0.0,
P4,4.0,2.0,0.5993,1.0,
P4,4.0,1.0,0.4646,1.0,
P4,4.0,2.0,0.7656,0.0,
P4,3.0,2.0,0.5992,0.0,
P4,4.0,1.0,0.517,0.0,
P4,4.0,1.0,0.516,0.0,
P4,3.0,2.0,0.6839,1.0,
P4,4.0,2.0,0.5837,0.0,
P4,4.0,1.0,0.5662,1.0,
P4,4.0,2.0,0.6165,0.0,
P4,4.0,2.0,0.6635,0.0,
P4,4.0,2.0,0.556,0.0,
P4,3.0,1.0,0.6121,1.0,
P4,4.0,2.0,0.6808,0.0,
P4,4.0,2.0,0.5698,0.0,
P4,4.0,2.0,0.582,0.0,
P4,4.0,1.0,0.4999,0.0,
P4,3.0,1.0,0.4489,0.0,
P4,3.0,1.0,0.5687,0.0,
P4,4.0,1.0,0.4846,0.0,
P4,3.0,2.0,0.4658,1.0,
P4,4.0,2.0,0.4474,0.0,
P4,3.0,2.0,0.4414,1.0,
P4,3.0,2.0,0.5953,0.0,
P4,4.0,2.0,0.5324,0.0,
P4,3.0,2.0,0.5665,0.0,
P4,3.0,1.0,0.6474,0.0,
P4,3.0,1.0,0.6188,0.0,
P4,3.0,2.0,0.8167,0.0,
P4,4.0,2.0,0.549,0.0,
P4,3.0,2.0,0.5848,0.0,
P4,3.0,2.0,0.5815,1.0,
P4,3.0,2.0,0.6664,0.0,
P4,3.0,2.0,0.735,1.0,
P4,3.0,1.0,0.5316,0.0,
P4,3.0,1.0,0.4371,0.0,
P4,3.0,2.0,0.5831,0.0,
P4,3.0,1.0,0.5659,0.0,
P4,4.0,1.0,0.6648,1.0,
P4,4.0,2.0,0.4475,1.0,
P4,3.0,1.0,0.5066,0.0,
P4,3.0,1.0,0.4649,0.0,
P4,4.0,2.0,0.4652,0.0,
P4,4.0,2.0,0.7475,0.0,
P4,4.0,2.0,0.6329,0.0,
P4,4.0,1.0,0.389,0.0,
P4,4.0,2.0,0.4981,0.0,
P4,3.0,2.0,0.7496,0.0,
P4,3.0,1.0,0.3829,0.0,
P4,3.0,1.0,0.4656,0.0,
P4,4.0,2.0,0.4997,0.0,
P4,4.0,2.0,0.5794,0.0,
P4,3.0,1.0,0.4023,0.0,
P4,4.0,1.0,0.6343,0.0,
P4,3.0,2.0,0.4818,0.0,
P4,4.0,2.0,0.5965,0.0,
P4,3.0,1.0,0.6157,0.0,
P4,4.0,2.0,0.4989,1.0,
P4,3.0,1.0,0.4841,1.0,
P4,3.0,2.0,0.6665,0.0,
P4,3.0,2.0,0.5164,0.0,
P4,3.0,2.0,0.5535,0.0,
P4,4.0,1.0,0.634,0.0,
P4,3.0,2.0,0.5904,1.0,
P4,3.0,1.0,0.6694,0.0,
P4,3.0,2.0,0.7891,0.0,
P4,4.0,2.0,0.602,0.0,
P4,4.0,2.0,0.5485,0.0,
P4,3.0,2.0,0.5488,0.0,
P4,3.0,1.0,0.5686,0.0,
P4,3.0,1.0,0.5636,0.0,
P4,3.0,2.0,0.5356,0.0,
P4,4.0,2.0,0.5172,0.0,
P4,3.0,1.0,0.633,1.0,
P4,4.0,1.0,0.6319,0.0,
P4,4.0,2.0,0.5638,0.0,
P4,3.0,1.0,0.5321,0.0,
P4,3.0,1.0,0.5003,0.0,
P4,3.0,2.0,0.4961,0.0,
P4,4.0,2.0,0.5339,0.0,
P4,4.0,1.0,0.5661,0.0,
P4,4.0,1.0,0.5323,0.0,
P4,4.0,2.0,0.6718,1.0,
P4,4.0,1.0,0.5316,0.0,
P4,3.0,2.0,0.5331,0.0,
P4,3.0,2.0,0.6006,0.0,
P4,4.0,1.0,0.5824,0.0,
P4,4.0,1.0,0.6493,0.0,
P4,3.0,2.0,0.5298,0.0,
P4,4.0,1.0,0.5523,0.0,
P4,3.0,1.0,0.7311,1.0,
P4,4.0,1.0,0.5311,0.0,
P4,3.0,2.0,0.5871,0.0,
P4,4.0,2.0,0.6375,0.0,
P4,4.0,1.0,0.6001,0.0,
P4,3.0,1.0,0.5487,0.0,
P4,4.0,2.0,0.6004,0.0,
P4,3.0,1.0,0.6159,0.0,
P4,3.0,1.0,0.5178,0.0,
P4,3.0,2.0,0.6876,0.0,
P4,3.0,2.0,0.6996,0.0,
P4,3.0,1.0,0.5834,0.0,
P4,3.0,2.0,0.5311,0.0,
P4,4.0,2.0,0.5332,0.0,
P4,3.0,2.0,0.6194,0.0,
P4,3.0,2.0,0.5151,0.0,
P4,4.0,2.0,0.4992,0.0,
P4,4.0,1.0,0.7669,1.0,
P4,4.0,2.0,0.8158,1.0,
P4,3.0,1.0,0.4308,0.0,
P4,3.0,1.0,0.3981,0.0,
P4,4.0,1.0,0.4495,0.0,
P4,4.0,2.0,0.4833,0.0,
P4,3.0,1.0,0.4827,0.0,
P4,3.0,1.0,0.487,0.0,
P4,3.0,1.0,0.5655,0.0,
P4,4.0,1.0,0.6482,1.0,
P4,4.0,2.0,0.5659,0.0,
P4,4.0,1.0,0.532,0.0,
P4,3.0,2.0,0.5316,0.0,
P4,4.0,1.0,0.5305,0.0,
P4,4.0,2.0,0.5652,0.0,
P4,4.0,1.0,0.5837,0.0,
P4,4.0,1.0,0.59,0.0,
P4,4.0,1.0,0.531,0.0,
P4,3.0,1.0,0.7023,0.0,
P4,3.0,1.0,0.4355,0.0,
P4,3.0,1.0,0.5156,0.0,
P4,4.0,1.0,0.5836,1.0,
P4,4.0,2.0,0.6736,0.0,
P4,3.0,2.0,0.4903,0.0,
P4,3.0,2.0,0.4484,0.0,
P4,4.0,2.0,0.4812,0.0,
P4,4.0,1.0,0.7179,0.0,
P4,4.0,2.0,0.6471,0.0,
P4,3.0,1.0,0.699,0.0,
P4,3.0,1.0,0.8816,1.0,
P4,4.0,2.0,0.5889,0.0,
P4,4.0,2.0,0.5811,0.0,
P4,3.0,2.0,0.4977,0.0,
P4,3.0,2.0,0.5213,0.0,
P4,3.0,2.0,0.6122,0.0,
P4,4.0,1.0,0.6412,0.0,
P4,4.0,2.0,0.5655,0.0,
P4,3.0,1.0,0.7182,0.0,
P4,4.0,2.0,0.6673,0.0,
P4,3.0,2.0,0.6319,0.0,
P4,3.0,2.0,0.7705,0.0,
P4,3.0,1.0,0.706,0.0,
P4,4.0,1.0,0.6631,0.0,
P4,3.0,2.0,0.6513,1.0,
P4,3.0,1.0,0.633,1.0,
P4,3.0,2.0,0.6167,0.0,
P4,3.0,1.0,0.6013,0.0,
P4,4.0,1.0,0.4952,0.0,
P4,4.0,2.0,0.5156,0.0,
P4,3.0,1.0,0.6336,1.0,
P4,3.0,2.0,0.4901,1.0,
P4,4.0,1.0,0.6153,0.0,
P4,3.0,1.0,0.433,0.0,
P4,4.0,2.0,0.5827,0.0,
P4,4.0,2.0,0.7298,0.0,
P4,3.0,2.0,0.5537,1.0,
P4,3.0,2.0,0.6489,0.0,
P4,3.0,1.0,0.5352,0.0,
P4,3.0,2.0,0.7281,1.0,
P4,3.0,1.0,0.5698,0.0,
P4,4.0,1.0,0.605,0.0,
P4,3.0,1.0,0.5322,0.0,
P4,4.0,2.0,0.5987,0.0,
P4,4.0,1.0,0.5817,0.0,
P4,3.0,2.0,0.6652,0.0,
P4,3.0,1.0,0.4327,0.0,
P4,3.0,1.0,0.4826,0.0,
P4,3.0,2.0,0.733,0.0,
P4,4.0,1.0,0.5339,0.0,
P4,3.0,2.0,0.8137,0.0,
P4,3.0,2.0,0.6148,0.0,
P4,4.0,1.0,0.5072,0.0,
P4,3.0,2.0,0.5332,0.0,
P4,3.0,1.0,0.5819,0.0,
P4,3.0,1.0,0.9302,0.0,
P4,3.0,2.0,0.5403,0.0,
P4,3.0,2.0,0.5992,1.0,
P4,3.0,2.0,0.6028,0.0,
P4,4.0,1.0,0.5891,0.0,
P4,4.0,2.0,0.5984,0.0,
P4,4.0,1.0,0.5489,0.0,
P4,4.0,2.0,0.5981,0.0,
P4,4.0,2.0,0.7659,0.0,
P4,4.0,1.0,0.6074,0.0,
P4,3.0,1.0,0.6326,0.0,
P4,4.0,1.0,0.6841,0.0,
P4,3.0,2.0,0.5985,0.0,
P4,4.0,2.0,0.5475,0.0,
P4,3.0,1.0,0.6498,0.0,
P4,3.0,2.0,0.57,0.0,
P4,4.0,1.0,0.6577,0.0,
P4,3.0,1.0,0.7671,0.0,
P4,4.0,2.0,0.8492,0.0,
P4,4.0,2.0,0.5245,1.0,
P4,3.0,2.0,0.5316,1.0,
P4,4.0,2.0,0.6048,0.0,
P4,4.0,2.0,0.5047,0.0,
P4,4.0,1.0,0.5332,0.0,
P4,3.0,2.0,0.8497,1.0,
P4,4.0,2.0,0.5974,0.0,
P4,4.0,1.0,0.5516,0.0,
P4,3.0,2.0,0.5076,0.0,
P4,4.0,2.0,0.7488,0.0,
P4,3.0,1.0,0.4734,0.0,
P4,4.0,2.0,0.7568,0.0,
P4,4.0,1.0,0.5171,0.0,
P4,3.0,2.0,0.5658,0.0,
P4,4.0,2.0,0.4967,0.0,
P4,4.0,2.0,0.5665,0.0,
P4,4.0,1.0,0.6782,0.0,
P4,4.0,2.0,0.4822,0.0,
P4,3.0,2.0,0.6155,1.0,
P4,4.0,1.0,0.4185,0.0,
P4,4.0,1.0,0.7151,1.0,
P4,3.0,1.0,0.4681,0.0,
P4,3.0,2.0,0.566,0.0,
P4,3.0,1.0,0.6249,0.0,
P4,4.0,1.0,0.582,0.0,
P4,3.0,2.0,0.5973,0.0,
P4,4.0,2.0,0.5993,0.0,
P4,3.0,2.0,0.5013,0.0,
P4,4.0,2.0,0.5027,0.0,
P4,4.0,1.0,0.5655,0.0,
P4,3.0,2.0,0.5315,0.0,
P4,3.0,2.0,0.6484,1.0,
P4,3.0,1.0,0.6312,0.0,
P4,3.0,2.0,0.5995,0.0,
P4,3.0,1.0,0.6191,0.0,
P4,4.0,2.0,0.6483,0.0,
P4,4.0,1.0,0.8323,0.0,
P4,4.0,1.0,0.8495,0.0,
P4,3.0,1.0,0.7825,0.0,
P4,4.0,2.0,0.6319,0.0,
P4,4.0,2.0,0.5391,0.0,
P4,3.0,2.0,0.5987,0.0,
P4,3.0,2.0,0.6154,0.0,
P4,4.0,2.0,0.599,0.0,
P4,3.0,2.0,0.4967,0.0,
P4,4.0,2.0,0.4822,1.0,
P4,3.0,1.0,0.4004,0.0,
P4,3.0,1.0,0.6183,0.0,
P4,4.0,2.0,0.6005,0.0,
P4,4.0,1.0,0.7492,0.0,
P4,4.0,2.0,0.5915,0.0,
P4,4.0,1.0,0.5838,0.0,
P4,4.0,2.0,0.5652,0.0,
P4,4.0,1.0,0.5013,0.0,
P4,3.0,1.0,0.6471,0.0,
P4,4.0,2.0,0.5994,0.0,
P4,3.0,2.0,0.7671,0.0,
P4,3.0,1.0,0.5532,0.0,
P4,4.0,1.0,0.5513,0.0,
P4,3.0,2.0,0.5814,1.0,
P4,4.0,2.0,0.4809,0.0,
P4,3.0,1.0,0.5498,0.0,
P4,4.0,2.0,0.7163,0.0,
P4,3.0,2.0,0.5162,0.0,
P4,4.0,1.0,0.5001,0.0,
P4,3.0,1.0,0.4744,0.0,
P4,4.0,1.0,0.4658,0.0,
P4,3.0,1.0,0.4316,0.0,
P4,4.0,1.0,0.7509,0.0,
P4,4.0,1.0,0.6006,0.0,
P4,4.0,1.0,0.6476,0.0,
P4,3.0,2.0,0.5835,1.0,
P4,4.0,2.0,0.5311,0.0,
P4,3.0,1.0,0.5826,0.0,
P4,4.0,2.0,0.5501,0.0,
P4,4.0,2.0,0.8483,1.0,
P4,4.0,2.0,1.0303,0.0,
P4,3.0,1.0,0.6542,0.0,
P4,3.0,2.0,0.5328,0.0,
P4,4.0,2.0,0.7845,0.0,
P4,3.0,2.0,0.5486,0.0,
P4,3.0,1.0,0.8196,0.0,
P4,3.0,2.0,0.5488,0.0,
P4,4.0,1.0,0.5065,0.0,
P4,4.0,2.0,0.5979,0.0,
P4,4.0,1.0,0.5644,0.0,
P4,3.0,2.0,0.6484,0.0,
P4,4.0,2.0,0.6993,1.0,
P4,4.0,2.0,0.5657,0.0,
P4,4.0,2.0,0.5989,1.0,
P4,4.0,1.0,0.5327,0.0,
P4,4.0,2.0,0.803,0.0,
P4,3.0,1.0,0.5151,0.0,
P4,3.0,1.0,0.5498,1.0,
P4,3.0,2.0,0.8232,0.0,
P4,3.0,2.0,0.7172,0.0,
P4,4.0,2.0,0.7175,0.0,
P4,3.0,2.0,0.6359,0.0,
P4,4.0,2.0,0.4748,0.0,
P4,4.0,1.0,0.6666,0.0,
P4,3.0,1.0,0.5576,0.0,
P4,3.0,2.0,0.556,0.0,
P4,3.0,1.0,0.5814,1.0,
P4,3.0,1.0,0.5163,0.0,
P4,3.0,1.0,0.7649,0.0,
P4,3.0,2.0,0.5312,0.0,
P4,4.0,2.0,0.7338,0.0,
P4,4.0,1.0,0.5322,0.0,
P4,3.0,1.0,0.6308,0.0,
P4,3.0,2.0,0.5671,1.0,
P4,4.0,1.0,0.7805,0.0,
P4,3.0,2.0,0.8161,0.0,
P4,3.0,2.0,0.7166,0.0,
P4,4.0,2.0,0.5566,0.0,
P4,4.0,2.0,0.4845,0.0,
P4,4.0,2.0,0.5485,0.0,
P4,4.0,2.0,0.4827,0.0,
P4,3.0,1.0,0.6172,0.0,
P4,4.0,1.0,0.6308,0.0,
P4,4.0,2.0,0.4494,0.0,
P4,4.0,1.0,0.5915,1.0,
P4,4.0,2.0,0.5316,0.0,
P4,3.0,1.0,0.567,0.0,
P4,3.0,2.0,0.6825,0.0,
P4,3.0,1.0,0.6248,0.0,
P4,4.0,2.0,0.5759,0.0,
P4,3.0,1.0,0.5986,0.0,
P4,4.0,1.0,0.7491,0.0,
P4,4.0,1.0,1.0245,0.0,
P4,3.0,1.0,0.5872,0.0,
P4,3.0,2.0,0.7997,0.0,
P4,3.0,1.0,0.7503,0.0,
P4,3.0,2.0,0.65,0.0,
P4,3.0,2.0,0.5487,0.0,
P4,4.0,2.0,0.5687,1.0,
P4,4.0,1.0,0.7684,0.0,
P4,4.0,1.0,0.9503,0.0,
P4,3.0,2.0,0.6817,0.0,
P4,4.0,2.0,0.9488,0.0,
P4,4.0,1.0,0.5693,0.0,
P4,3.0,2.0,0.7659,0.0,
P4,4.0,1.0,0.5686,0.0,
P4,4.0,2.0,0.6498,0.0,
P4,4.0,2.0,0.5675,0.0,
P4,3.0,2.0,0.5322,0.0,
P4,3.0,1.0,0.549,0.0,
P4,3.0,1.0,0.5814,1.0,
P4,4.0,1.0,0.5328,0.0,
P4,4.0,1.0,0.5166,0.0,
P4,4.0,2.0,0.7158,0.0,
P4,4.0,1.0,0.5717,0.0,
P4,3.0,2.0,0.6017,0.0,
P4,3.0,2.0,0.7411,0.0,
P4,4.0,1.0,0.5882,0.0,
P4,3.0,2.0,0.5678,0.0,
P4,4.0,1.0,0.5917,0.0,
P4,3.0,1.0,0.5993,0.0,
P4,3.0,1.0,0.5644,0.0,
P4,3.0,2.0,1.4018,0.0,
P4,4.0,2.0,0.7492,0.0,
P4,3.0,1.0,0.6241,0.0,
P4,3.0,1.0,0.5573,1.0,
P4,4.0,1.0,0.5324,0.0,
P4,4.0,1.0,0.5657,0.0,
P4,3.0,1.0,0.6242,0.0,
P4,3.0,1.0,0.4846,0.0,
P4,3.0,2.0,0.7156,1.0,
P4,3.0,1.0,0.5162,0.0,
P4,4.0,2.0,0.6155,0.0,
P4,3.0,1.0,0.7901,0.0,
P4,4.0,2.0,0.6159,0.0,
P4,3.0,1.0,0.532,0.0,
P4,3.0,1.0,0.8997,0.0,
P4,3.0,2.0,0.5836,0.0,
P4,4.0,2.0,0.6337,0.0,
P4,4.0,1.0,0.6255,0.0,
P4,4.0,2.0,0.7669,0.0,
P4,3.0,2.0,0.6327,0.0,
P4,4.0,1.0,0.3834,0.0,
P4,3.0,1.0,0.5986,0.0,
P4,4.0,1.0,0.499,0.0,
P4,4.0,1.0,0.4194,0.0,
P4,4.0,2.0,0.5067,0.0,
P4,4.0,1.0,0.4999,0.0,
P4,4.0,1.0,0.5903,0.0,
P4,4.0,1.0,0.6478,0.0,
P4,3.0,1.0,0.5224,0.0,
P4,4.0,1.0,0.6641,0.0,
P4,3.0,1.0,0.6166,0.0,
P4,3.0,2.0,0.4811,0.0,
P4,4.0,1.0,0.567,0.0,
P4,4.0,2.0,0.5812,0.0,
P4,3.0,1.0,0.5142,0.0,
P4,3.0,1.0,0.5339,0.0,
P4,3.0,2.0,0.6905,0.0,
P4,3.0,1.0,0.851,1.0,
P4,3.0,2.0,0.5685,1.0,
P4,3.0,1.0,0.6991,0.0,
P4,4.0,2.0,0.8165,1.0,
P4,3.0,1.0,0.5161,0.0,
P4,4.0,2.0,0.533,0.0,
P4,4.0,1.0,0.5829,0.0,
P4,3.0,2.0,0.5492,1.0,
P4,3.0,1.0,0.6159,0.0,
P4,3.0,1.0,0.6331,0.0,
P4,3.0,2.0,0.688,0.0,
P4,3.0,2.0,0.8042,0.0,
P4,4.0,2.0,0.5641,0.0,
P4,4.0,1.0,0.8673,0.0,
P4,3.0,2.0,0.8994,0.0,
P4,3.0,2.0,0.8032,0.0,
P4,4.0,1.0,0.6313,0.0,
P4,3.0,1.0,0.5709,0.0,
P4,3.0,1.0,0.5319,0.0,
P4,4.0,2.0,0.6728,0.0,
P4,4.0,1.0,0.6323,1.0,
P4,4.0,1.0,0.515,0.0,
P4,3.0,2.0,0.5336,0.0,
P4,4.0,1.0,0.5999,0.0,
P4,3.0,2.0,0.6505,1.0,
P4,3.0,2.0,0.8706,0.0,
P4,4.0,1.0,0.5313,0.0,
P4,4.0,2.0,0.551,0.0,
P4,4.0,2.0,0.5487,0.0,
P4,4.0,2.0,0.5515,0.0,
P4,3.0,1.0,0.566,0.0,
P4,4.0,1.0,0.5712,0.0,
P4,4.0,1.0,0.667,1.0,
P4,4.0,2.0,0.4984,0.0,
P4,3.0,2.0,0.5823,0.0,
P4,3.0,1.0,0.5321,0.0,
P4,4.0,1.0,0.5975,1.0,
P4,4.0,1.0,0.5656,0.0,
P4,4.0,1.0,0.4141,0.0,
P4,3.0,1.0,0.4156,0.0,
P4,4.0,2.0,0.758,0.0,
P4,3.0,1.0,0.5492,0.0,
P4,3.0,2.0,0.5346,1.0,
P4,4.0,2.0,0.4422,0.0,
P4,3.0,1.0,0.4845,0.0,
P4,3.0,1.0,0.4503,0.0,
P4,3.0,2.0,0.6747,0.0,
P4,4.0,1.0,0.7498,1.0,
P4,4.0,2.0,0.6348,0.0,
P4,3.0,1.0,0.5511,0.0,
P4,4.0,1.0,1.1153,0.0,
P4,4.0,1.0,0.5336,0.0,
P4,4.0,1.0,0.5992,0.0,
P4,4.0,1.0,0.6164,0.0,
P4,3.0,1.0,0.4988,0.0,
P4,3.0,1.0,0.5007,0.0,
P4,3.0,2.0,0.5486,0.0,
P4,4.0,2.0,0.5496,0.0,
P4,4.0,2.0,0.5501,0.0,
P4,3.0,1.0,0.6008,1.0,
P4,4.0,1.0,0.566,0.0,
P5,4.0,1.0,0.7455,1.0,
P5,3.0,2.0,0.6326,1.0,
P5,3.0,1.0,0.6955,1.0,
P5,3.0,2.0,0.5165,1.0,
P5,3.0,1.0,0.6694,1.0,
P5,4.0,2.0,0.5002,1.0,
P5,4.0,2.0,0.5809,1.0,
P5,4.0,2.0,0.5822,1.0,
P5,4.0,1.0,0.7261,1.0,
P5,3.0,1.0,0.4688,0.0,
P5,4.0,1.0,0.7835,1.0,
P5,3.0,1.0,0.5334,1.0,
P5,4.0,1.0,0.7834,0.0,
P5,4.0,2.0,0.5353,1.0,
P5,4.0,1.0,0.7328,1.0,
P5,3.0,1.0,0.7166,1.0,
P5,4.0,1.0,0.5832,1.0,
P5,3.0,2.0,0.5501,1.0,
P5,3.0,2.0,0.5684,1.0,
P5,3.0,1.0,0.7012,1.0,
P5,4.0,2.0,0.6497,1.0,
P5,4.0,2.0,0.6472,1.0,
P5,4.0,2.0,0.6174,1.0,
P5,4.0,2.0,0.5171,1.0,
P5,4.0,1.0,0.6174,0.0,
P5,3.0,1.0,0.4803,0.0,
P5,4.0,2.0,0.4506,1.0,
P5,3.0,1.0,0.5414,1.0,
P5,3.0,1.0,0.6169,1.0,
P5,3.0,1.0,0.6285,1.0,
P5,4.0,1.0,0.7653,0.0,
P5,4.0,1.0,0.5912,1.0,
P5,3.0,2.0,0.6354,1.0,
P5,3.0,1.0,0.6164,1.0,
P5,4.0,1.0,0.56,1.0,
P5,3.0,2.0,0.6158,0.0,
P5,4.0,1.0,0.6325,1.0,
P5,4.0,2.0,0.6854,1.0,
P5,4.0,2.0,0.7007,1.0,
P5,4.0,1.0,0.4825,1.0,
P5,3.0,2.0,0.677,1.0,
P5,3.0,2.0,0.5815,1.0,
P5,3.0,2.0,0.5667,1.0,
P5,4.0,2.0,0.5463,1.0,
P5,3.0,2.0,0.5988,1.0,
P5,3.0,1.0,0.6668,1.0,
P5,4.0,2.0,0.4819,1.0,
P5,4.0,1.0,0.584,1.0,
P5,3.0,2.0,0.4834,1.0,
P5,3.0,1.0,0.5828,1.0,
P5,4.0,2.0,0.5752,1.0,
P5,4.0,2.0,0.5453,0.0,
P5,3.0,2.0,0.5226,0.0,
P5,3.0,1.0,0.5335,1.0,
P5,3.0,2.0,0.5985,1.0,
P5,3.0,1.0,0.5772,1.0,
P5,3.0,1.0,0.5009,1.0,
P5,4.0,2.0,0.5466,1.0,
P5,4.0,1.0,0.7943,0.0,
P5,3.0,1.0,0.6988,1.0,
P5,4.0,2.0,0.4916,1.0,
P5,4.0,1.0,0.5975,1.0,
P5,4.0,1.0,0.5668,1.0,
P5,4.0,1.0,0.5452,1.0,
P5,4.0,2.0,0.5422,1.0,
P5,3.0,2.0,0.7154,1.0,
P5,3.0,1.0,0.5257,1.0,
P5,4.0,1.0,0.7177,1.0,
P5,4.0,2.0,0.4942,1.0,
P5,4.0,1.0,0.4835,0.0,
P5,3.0,2.0,0.5838,1.0,
P5,3.0,1.0,0.7835,1.0,
P5,3.0,2.0,0.7517,1.0,
P5,4.0,1.0,0.489,1.0,
P5,4.0,2.0,0.4997,1.0,
P5,3.0,1.0,0.5657,1.0,
P5,4.0,1.0,0.5444,1.0,
P5,4.0,2.0,0.5005,1.0,
P5,3.0,1.0,0.6158,0.0,
P5,3.0,1.0,0.5644,1.0,
P5,4.0,1.0,0.5158,1.0,
P5,4.0,1.0,0.499,1.0,
P5,4.0,2.0,0.5289,1.0,
P5,4.0,2.0,0.5837,1.0,
P5,3.0,1.0,0.6348,1.0,
P5,4.0,2.0,0.5856,1.0,
P5,4.0,2.0,0.5628,1.0,
P5,3.0,2.0,0.4992,1.0,
P5,4.0,2.0,0.4661,1.0,
P5,3.0,1.0,0.6291,1.0,
P5,3.0,1.0,0.6493,1.0,
P5,3.0,1.0,0.732,0.0,
P5,4.0,2.0,0.5016,1.0,
P5,4.0,2.0,0.4829,1.0,
P5,4.0,1.0,0.6323,1.0,
P5,3.0,2.0,0.5277,1.0,
P5,3.0,2.0,0.9318,1.0,
P5,4.0,1.0,0.749,1.0,
P5,3.0,1.0,0.7645,1.0,
P5,4.0,2.0,0.5499,1.0,
P5,3.0,2.0,0.6172,0.0,
P5,4.0,2.0,0.4331,1.0,
P5,3.0,2.0,0.6833,0.0,
P5,3.0,2.0,0.4847,1.0,
P5,3.0,2.0,0.583,1.0,
P5,4.0,1.0,0.5318,0.0,
P5,3.0,2.0,0.6002,1.0,
P5,4.0,1.0,0.5589,1.0,
P5,3.0,1.0,0.7013,0.0,
P5,3.0,2.0,0.5832,1.0,
P5,3.0,2.0,0.5824,0.0,
P5,3.0,1.0,0.6189,1.0,
P5,3.0,2.0,0.5664,1.0,
P5,3.0,2.0,0.549,1.0,
P5,4.0,2.0,0.5766,1.0,
P5,3.0,1.0,0.593,1.0,
P5,3.0,2.0,0.7011,1.0,
P5,3.0,1.0,0.5658,0.0,
P5,3.0,1.0,0.7818,1.0,
P5,3.0,1.0,0.667,1.0,
P5,4.0,2.0,0.499,1.0,
P5,4.0,1.0,0.5655,1.0,
P5,4.0,2.0,0.6427,1.0,
P5,4.0,2.0,0.4669,1.0,
P5,3.0,1.0,0.5832,1.0,
P5,3.0,2.0,0.4977,1.0,
P5,3.0,1.0,0.6993,1.0,
P5,3.0,1.0,0.4669,0.0,
P5,4.0,2.0,0.5683,1.0,
P5,3.0,2.0,0.6804,1.0,
P5,3.0,1.0,0.5662,1.0,
P5,3.0,2.0,0.4175,1.0,
P5,3.0,2.0,0.5087,1.0,
P5,4.0,2.0,0.5175,1.0,
P5,3.0,2.0,0.432,1.0,
P5,4.0,2.0,0.4662,1.0,
P5,3.0,1.0,0.5602,1.0,
P5,4.0,2.0,0.4658,1.0,
P5,4.0,1.0,0.5491,0.0,
P5,4.0,2.0,0.7334,1.0,
P5,4.0,2.0,0.466,1.0,
P5,4.0,2.0,0.5327,1.0,
P5,4.0,1.0,0.6116,1.0,
P5,3.0,1.0,0.5273,0.0,
P5,4.0,2.0,0.6164,1.0,
P5,3.0,1.0,0.6829,1.0,
P5,3.0,2.0,0.4656,1.0,
P5,3.0,2.0,0.5115,1.0,
P5,4.0,1.0,0.5836,1.0,
P5,3.0,2.0,0.5103,1.0,
P5,3.0,2.0,0.5677,1.0,
P5,4.0,2.0,0.4982,1.0,
P5,3.0,2.0,0.5838,1.0,
P5,4.0,2.0,0.4766,1.0,
P5,3.0,1.0,0.7342,0.0,
P5,4.0,1.0,0.6955,1.0,
P5,4.0,2.0,0.515,1.0,
P5,3.0,1.0,0.4984,0.0,
P5,4.0,2.0,0.5357,1.0,
P5,3.0,1.0,0.4968,1.0,
P5,4.0,2.0,0.4505,1.0,
P5,4.0,1.0,0.7175,1.0,
P5,4.0,1.0,0.4997,1.0,
P5,4.0,1.0,0.5544,1.0,
P5,3.0,2.0,0.5166,1.0,
P5,4.0,1.0,0.731,1.0,
P5,4.0,2.0,0.5169,1.0,
P5,3.0,1.0,0.5594,1.0,
P5,3.0,2.0,0.5494,1.0,
P5,4.0,1.0,0.6147,1.0,
P5,4.0,1.0,0.5511,1.0,
P5,4.0,2.0,0.484,1.0,
P5,4.0,2.0,0.518,1.0,
P5,4.0,1.0,0.465,1.0,
P5,3.0,1.0,0.517,1.0,
P5,3.0,1.0,0.7334,0.0,
P5,4.0,1.0,0.7337,1.0,
P5,3.0,1.0,0.5208,1.0,
P5,3.0,2.0,0.6166,1.0,
P5,4.0,1.0,0.696,1.0,
P5,3.0,1.0,0.5492,1.0,
P5,3.0,2.0,1.091,0.0,
P5,4.0,2.0,0.6111,1.0,
P5,3.0,2.0,0.8322,0.0,
P5,3.0,2.0,0.6496,1.0,
P5,3.0,2.0,0.6782,1.0,
P5,3.0,1.0,0.7163,1.0,
P5,3.0,2.0,0.509,1.0,
P5,3.0,2.0,1.233,1.0,
P5,4.0,1.0,0.6337,1.0,
P5,4.0,2.0,0.59,1.0,
P5,3.0,1.0,0.7778,0.0,
P5,3.0,2.0,0.549,0.0,
P5,3.0,1.0,0.5492,1.0,
P5,4.0,2.0,0.7171,1.0,
P5,3.0,1.0,0.6501,1.0,
P5,4.0,2.0,0.4945,1.0,
P5,4.0,1.0,1.117,1.0,
P5,4.0,2.0,0.4964,1.0,
P5,4.0,2.0,0.6521,1.0,
P5,3.0,2.0,0.7675,1.0,
P5,4.0,2.0,0.475,1.0,
P5,3.0,2.0,0.4755,1.0,
P5,3.0,1.0,0.6448,1.0,
P5,4.0,2.0,,0.0,
P5,3.0,1.0,,0.0,
P5,4.0,1.0,0.6829,1.0,
P5,3.0,2.0,0.8657,1.0,
P5,3.0,2.0,0.6607,1.0,
P5,3.0,1.0,0.7299,1.0,
P5,3.0,1.0,0.778,1.0,
P5,4.0,2.0,0.6492,1.0,
P5,4.0,2.0,0.6648,1.0,
P5,4.0,2.0,0.7832,0.0,
P5,4.0,2.0,0.9293,1.0,
P5,4.0,2.0,,0.0,
P5,4.0,1.0,1.2326,1.0,
P5,4.0,1.0,0.4483,0.0,
P5,3.0,2.0,0.5146,0.0,
P5,4.0,2.0,0.5595,1.0,
P5,3.0,2.0,0.6146,0.0,
P5,4.0,1.0,0.5322,1.0,
P5,3.0,1.0,0.55,1.0,
P5,4.0,1.0,0.4663,1.0,
P5,3.0,1.0,0.6671,1.0,
P5,3.0,2.0,0.533,1.0,
P5,4.0,2.0,0.7835,0.0,
P5,4.0,2.0,0.5501,1.0,
P5,4.0,2.0,0.5336,1.0,
P5,3.0,2.0,,0.0,
P5,4.0,1.0,0.7026,1.0,
P5,4.0,1.0,0.7297,1.0,
P5,3.0,2.0,0.5244,1.0,
P5,4.0,1.0,0.6319,1.0,
P5,3.0,1.0,0.9319,0.0,
P5,4.0,2.0,0.8163,1.0,
P5,3.0,2.0,0.8628,0.0,
P5,3.0,1.0,0.5158,1.0,
P5,4.0,1.0,0.4993,1.0,
P5,3.0,2.0,0.6504,0.0,
P5,3.0,1.0,0.4821,1.0,
P5,4.0,1.0,0.5648,1.0,
P5,3.0,2.0,0.5987,1.0,
P5,3.0,1.0,0.6179,1.0,
P5,3.0,1.0,0.565,1.0,
P5,4.0,2.0,0.5144,1.0,
P5,3.0,1.0,0.6145,1.0,
P5,4.0,2.0,0.482,1.0,
P5,4.0,1.0,0.6485,1.0,
P5,4.0,2.0,0.6665,1.0,
P5,4.0,1.0,0.7428,1.0,
P5,4.0,1.0,0.6832,1.0,
P5,4.0,2.0,0.6,1.0,
P5,3.0,2.0,0.6999,1.0,
P5,3.0,1.0,0.8441,1.0,
P5,4.0,1.0,0.8659,1.0,
P5,4.0,2.0,0.6818,1.0,
P5,3.0,1.0,0.6661,1.0,
P5,4.0,1.0,0.8178,1.0,
P5,4.0,2.0,0.5497,1.0,
P5,3.0,1.0,0.6508,1.0,
P5,3.0,2.0,0.6099,1.0,
P5,4.0,2.0,0.6487,1.0,
P5,4.0,2.0,0.719,1.0,
P5,4.0,1.0,0.6926,1.0,
P5,3.0,2.0,0.6652,1.0,
P5,4.0,2.0,0.7606,1.0,
P5,3.0,2.0,0.5934,1.0,
P5,3.0,1.0,0.7175,0.0,
P5,4.0,1.0,0.6009,1.0,
P5,4.0,1.0,0.7994,1.0,
P5,4.0,1.0,0.7281,1.0,
P5,4.0,1.0,0.6177,1.0,
P5,3.0,1.0,0.6244,1.0,
P5,3.0,1.0,0.5653,1.0,
P5,4.0,1.0,0.5356,1.0,
P5,4.0,1.0,0.4991,1.0,
P5,3.0,1.0,0.4489,1.0,
P5,4.0,2.0,0.5178,1.0,
P5,3.0,1.0,0.4465,1.0,
P5,4.0,2.0,0.5319,1.0,
P5,3.0,2.0,0.6352,1.0,
P5,3.0,2.0,0.5349,1.0,
P5,4.0,2.0,0.482,1.0,
P5,4.0,1.0,1.0989,1.0,
P5,4.0,1.0,0.5586,1.0,
P5,3.0,1.0,0.7818,1.0,
P5,4.0,1.0,0.6017,1.0,
P5,3.0,2.0,0.4501,1.0,
P5,3.0,2.0,0.5428,1.0,
P5,4.0,2.0,0.5187,1.0,
P5,4.0,1.0,0.6318,1.0,
P5,3.0,2.0,0.6594,1.0,
P5,3.0,2.0,0.5835,1.0,
P5,3.0,2.0,0.484,1.0,
P5,4.0,2.0,0.5661,1.0,
P5,4.0,2.0,0.5326,1.0,
P5,3.0,1.0,0.784,1.0,
P5,3.0,1.0,0.6502,1.0,
P5,4.0,2.0,0.4511,1.0,
P5,4.0,1.0,0.5136,0.0,
P5,3.0,1.0,0.5497,1.0,
P5,3.0,1.0,0.4846,1.0,
P5,3.0,1.0,0.4851,1.0,
P5,3.0,1.0,0.4497,1.0,
P5,4.0,2.0,0.5158,0.0,
P5,3.0,1.0,0.5107,1.0,
P5,3.0,2.0,0.5503,1.0,
P5,3.0,1.0,0.5098,1.0,
P5,3.0,1.0,0.4978,1.0,
P5,3.0,2.0,0.4996,1.0,
P5,3.0,2.0,0.5342,1.0,
P5,4.0,2.0,0.4674,1.0,
P5,4.0,1.0,0.5654,1.0,
P5,3.0,1.0,0.6161,1.0,
P5,3.0,1.0,0.75,1.0,
P5,3.0,1.0,0.6488,1.0,
P5,4.0,2.0,0.5,1.0,
P5,3.0,1.0,0.8091,0.0,
P5,3.0,2.0,0.533,1.0,
P5,3.0,1.0,0.6102,0.0,
P5,4.0,2.0,0.5826,1.0,
P5,3.0,2.0,0.5504,1.0,
P5,4.0,1.0,0.5329,1.0,
P5,3.0,2.0,0.6116,1.0,
P5,4.0,2.0,0.593,1.0,
P5,3.0,2.0,0.55,1.0,
P5,3.0,1.0,0.6488,1.0,
P5,4.0,1.0,0.6683,1.0,
P5,4.0,1.0,0.6797,1.0,
P5,3.0,2.0,0.5183,1.0,
P5,4.0,2.0,0.5151,1.0,
P5,3.0,2.0,0.5481,1.0,
P5,3.0,2.0,0.5603,1.0,
P5,4.0,1.0,0.5668,1.0,
P5,3.0,2.0,0.5316,1.0,
P5,4.0,2.0,0.5113,1.0,
P5,3.0,1.0,0.6669,1.0,
P5,3.0,1.0,0.5,1.0,
P5,4.0,1.0,0.6372,1.0,
P5,3.0,2.0,0.5146,1.0,
P5,4.0,1.0,0.5173,0.0,
P5,3.0,2.0,0.4827,1.0,
P5,4.0,2.0,0.5351,1.0,
P5,4.0,1.0,0.5818,1.0,
P5,4.0,1.0,0.5599,1.0,
P5,4.0,1.0,0.4484,1.0,
P5,4.0,1.0,0.5145,1.0,
P5,3.0,2.0,0.534,1.0,
P5,3.0,2.0,0.6735,0.0,
P5,3.0,1.0,0.4992,1.0,
P5,4.0,1.0,0.5335,0.0,
P5,3.0,1.0,0.5029,1.0,
P5,3.0,2.0,0.6683,1.0,
P5,4.0,1.0,0.6493,1.0,
P5,4.0,2.0,0.4849,1.0,
P5,4.0,1.0,0.6006,1.0,
P5,3.0,1.0,0.4666,1.0,
P5,3.0,1.0,0.5651,1.0,
P5,3.0,1.0,0.4655,1.0,
P5,3.0,1.0,0.4999,1.0,
P5,3.0,1.0,0.5168,1.0,
P5,3.0,2.0,0.534,1.0,
P5,3.0,2.0,0.8328,1.0,
P5,3.0,2.0,0.5333,1.0,
P5,4.0,2.0,0.55,1.0,
P5,4.0,2.0,0.4671,1.0,
P5,4.0,2.0,0.5158,1.0,
P5,4.0,1.0,0.6155,1.0,
P5,4.0,1.0,0.6995,0.0,
P5,4.0,1.0,0.4655,1.0,
P5,4.0,1.0,0.5434,1.0,
P5,4.0,2.0,0.4825,1.0,
P5,3.0,2.0,0.6826,1.0,
P5,3.0,1.0,0.5656,1.0,
P5,3.0,2.0,0.4836,1.0,
P5,4.0,2.0,0.6986,0.0,
P5,4.0,1.0,0.5983,1.0,
P5,4.0,2.0,0.5496,1.0,
P5,3.0,1.0,0.5768,1.0,
P5,3.0,1.0,0.5836,1.0,
P5,4.0,2.0,0.5498,1.0,
P5,4.0,1.0,0.734,1.0,
P5,3.0,2.0,0.484,1.0,
P5,3.0,1.0,0.6848,0.0,
P5,3.0,2.0,0.5999,1.0,
P5,4.0,1.0,0.4822,1.0,
P5,4.0,2.0,0.7167,1.0,
P5,4.0,1.0,0.5593,1.0,
P5,4.0,1.0,0.7527,1.0,
P5,3.0,2.0,0.5003,1.0,
P5,4.0,2.0,0.7651,1.0,
P5,3.0,2.0,0.4843,1.0,
P5,4.0,1.0,0.8007,1.0,
P5,3.0,2.0,0.5765,1.0,
P5,3.0,1.0,0.8841,1.0,
P5,4.0,2.0,0.4993,1.0,
P5,3.0,2.0,0.751,0.0,
P5,4.0,1.0,0.6337,1.0,
P5,3.0,2.0,0.4836,1.0,
P5,3.0,2.0,0.6156,1.0,
P5,4.0,1.0,0.6843,1.0,
P5,3.0,2.0,0.4984,1.0,
P5,4.0,1.0,0.5657,1.0,
P5,3.0,1.0,0.4656,1.0,
P5,4.0,1.0,0.5983,1.0,
P5,3.0,2.0,0.9242,1.0,
P5,3.0,2.0,0.7317,1.0,
P5,4.0,1.0,0.56,1.0,
P5,4.0,2.0,0.4653,1.0,
P5,3.0,1.0,0.5163,1.0,
P5,3.0,2.0,0.4918,1.0,
P5,4.0,2.0,0.5335,1.0,
P5,4.0,2.0,0.5155,1.0,
P5,3.0,1.0,0.4499,0.0,
P5,4.0,1.0,0.7836,1.0,
P5,4.0,2.0,0.54,1.0,
P5,4.0,1.0,0.6655,1.0,
P5,4.0,1.0,0.7492,0.0,
P5,4.0,1.0,0.5668,1.0,
P5,3.0,1.0,0.5998,1.0,
P5,4.0,2.0,0.5173,1.0,
P5,3.0,2.0,0.4654,1.0,
P5,3.0,2.0,0.5177,0.0,
P5,3.0,2.0,0.5502,1.0,
P5,4.0,1.0,0.4492,1.0,
P5,3.0,2.0,0.4331,1.0,
P5,3.0,1.0,0.5756,1.0,
P5,4.0,2.0,0.4986,1.0,
P5,4.0,2.0,0.6692,1.0,
P5,4.0,2.0,0.4491,1.0,
P5,3.0,1.0,0.6166,1.0,
P5,3.0,1.0,0.6005,1.0,
P5,4.0,2.0,0.4993,1.0,
P5,4.0,1.0,0.5511,1.0,
P5,4.0,1.0,0.5504,1.0,
P5,4.0,2.0,0.5262,1.0,
P5,4.0,1.0,0.6001,1.0,
P5,4.0,1.0,0.5808,1.0,
P5,4.0,2.0,0.5008,1.0,
P5,4.0,2.0,0.5178,1.0,
P5,4.0,1.0,0.5159,0.0,
P5,3.0,1.0,0.7161,0.0,
P5,3.0,1.0,0.8826,0.0,
P5,4.0,2.0,0.6153,0.0,
P5,4.0,1.0,0.6754,0.0,
P5,3.0,1.0,0.4997,1.0,
P5,3.0,1.0,0.485,1.0,
P5,3.0,1.0,0.4811,1.0,
P5,4.0,1.0,0.4674,1.0,
P5,4.0,2.0,0.6837,1.0,
P5,3.0,2.0,0.7492,1.0,
P5,3.0,1.0,0.5013,1.0,
P5,3.0,1.0,0.4506,1.0,
P5,4.0,2.0,0.5844,1.0,
P5,4.0,1.0,0.518,1.0,
P5,3.0,1.0,0.4983,1.0,
P5,3.0,1.0,0.4845,1.0,
P5,4.0,1.0,0.4998,1.0,
P5,4.0,1.0,0.4334,1.0,
P5,3.0,2.0,0.5095,1.0,
P5,3.0,2.0,0.5175,1.0,
P5,3.0,1.0,0.5211,1.0,
P5,4.0,2.0,0.4992,1.0,
P5,4.0,1.0,0.6149,1.0,
P5,4.0,1.0,0.5837,1.0,
P5,3.0,1.0,0.4664,1.0,
P5,4.0,2.0,0.7034,1.0,
P5,4.0,1.0,0.5829,1.0,
P5,4.0,2.0,0.7509,1.0,
P5,4.0,1.0,0.5009,1.0,
P5,4.0,1.0,0.5853,1.0,
P5,4.0,1.0,0.4653,1.0,
P5,3.0,1.0,0.4474,1.0,
P5,4.0,1.0,0.6156,1.0,
P5,3.0,2.0,0.66,1.0,
P5,4.0,1.0,0.6136,1.0,
P5,4.0,1.0,0.5087,1.0,
P5,3.0,2.0,0.6008,1.0,
P5,3.0,1.0,0.4677,1.0,
P5,3.0,2.0,0.7259,1.0,
P5,3.0,1.0,0.5345,1.0,
P5,3.0,2.0,0.5156,1.0,
P5,4.0,2.0,0.6987,1.0,
P5,3.0,1.0,0.416,1.0,
P5,3.0,2.0,0.8836,1.0,
P5,3.0,2.0,0.6678,1.0,
P5,4.0,2.0,0.5358,1.0,
P5,3.0,1.0,0.3981,1.0,
P5,4.0,1.0,0.4645,1.0,
P5,4.0,2.0,0.4776,1.0,
P5,3.0,2.0,0.5292,1.0,
P5,4.0,2.0,0.4334,1.0,
P5,4.0,2.0,0.4999,1.0,
P5,3.0,2.0,0.5167,1.0,
P5,4.0,1.0,0.4313,1.0,
P5,3.0,1.0,0.4834,1.0,
P5,4.0,2.0,0.5011,1.0,
P5,4.0,2.0,0.4809,1.0,
P5,4.0,2.0,0.4528,1.0,
P5,3.0,1.0,0.4346,1.0,
P5,3.0,1.0,0.5169,1.0,
P5,3.0,2.0,0.5665,1.0,
P5,3.0,1.0,0.5112,1.0,
P5,4.0,2.0,0.5827,1.0,
P5,3.0,2.0,0.6485,1.0,
P5,4.0,1.0,0.4982,1.0,
P5,4.0,1.0,0.6984,1.0,
P5,4.0,1.0,0.767,1.0,
P5,3.0,1.0,0.5159,1.0,
P5,4.0,2.0,0.5329,1.0,
P5,4.0,1.0,0.4994,1.0,
P5,4.0,1.0,0.576,1.0,
P5,4.0,2.0,0.5001,1.0,
P5,4.0,2.0,0.4827,1.0,
P5,3.0,2.0,0.6499,0.0,
P5,4.0,2.0,0.4657,1.0,
P5,3.0,2.0,0.5485,1.0,
P5,3.0,2.0,0.493,0.0,
P5,4.0,1.0,0.5152,1.0,
P5,3.0,2.0,0.4751,1.0,
P5,4.0,1.0,0.5654,1.0,
P5,3.0,2.0,0.4996,1.0,
P5,4.0,1.0,0.5848,1.0,
P5,3.0,1.0,0.6001,0.0,
P5,4.0,1.0,0.5495,1.0,
P5,3.0,1.0,0.4505,1.0,
P5,4.0,1.0,0.5649,1.0,
P5,4.0,2.0,0.6337,1.0,
P5,3.0,1.0,0.5493,1.0,
P5,3.0,2.0,0.567,1.0,
P5,4.0,2.0,0.529,1.0,
P5,4.0,1.0,0.6149,1.0,
P5,4.0,2.0,0.5643,1.0,
P5,3.0,2.0,0.7358,0.0,
P5,3.0,2.0,0.5835,1.0,
P5,3.0,1.0,0.7508,1.0,
P5,4.0,1.0,0.6986,1.0,
P5,3.0,1.0,0.5143,1.0,
P5,4.0,1.0,0.5281,1.0,
P5,3.0,2.0,0.5145,1.0,
P5,4.0,2.0,0.5672,1.0,
P5,3.0,1.0,0.5163,1.0,
P5,3.0,2.0,0.6179,1.0,
P5,4.0,1.0,0.8502,1.0,
P5,4.0,1.0,0.5838,1.0,
P5,4.0,1.0,0.5706,1.0,
P5,3.0,1.0,0.5172,1.0,
P5,3.0,2.0,0.4604,1.0,
P5,3.0,1.0,0.4485,1.0,
P5,4.0,1.0,0.4496,1.0,
P5,4.0,2.0,0.5163,0.0,
P5,3.0,1.0,0.4335,1.0,
P5,4.0,2.0,0.534,1.0,
P5,3.0,1.0,0.5485,1.0,
P5,4.0,2.0,0.5151,1.0,
P5,4.0,2.0,0.5331,1.0,
P5,4.0,1.0,0.8175,1.0,
P5,4.0,1.0,0.5321,1.0,
P5,3.0,2.0,0.7349,1.0,
P5,3.0,2.0,0.4983,1.0,
P5,3.0,1.0,0.5997,1.0,
P5,3.0,1.0,0.6184,1.0,
P5,4.0,2.0,0.4819,1.0,
P5,4.0,1.0,0.8447,1.0,
P5,3.0,2.0,0.4876,1.0,
P5,3.0,1.0,0.5488,1.0,
P5,4.0,2.0,0.9497,1.0,
P5,3.0,1.0,0.467,1.0,
P5,4.0,1.0,0.6668,0.0,
P5,4.0,1.0,0.4443,1.0,
P5,3.0,1.0,0.4323,1.0,
P5,4.0,1.0,0.5327,1.0,
P5,4.0,2.0,0.5178,1.0,
P5,4.0,2.0,0.6026,1.0,
P5,4.0,2.0,0.6662,0.0,
P5,3.0,2.0,0.5494,1.0,
P5,3.0,1.0,0.683,1.0,
P5,3.0,2.0,0.8475,1.0,
P5,4.0,1.0,0.6857,1.0,
P5,4.0,1.0,0.5832,0.0,
P5,4.0,1.0,0.584,1.0,
P5,4.0,2.0,0.7003,1.0,
P5,3.0,2.0,0.584,1.0,
P5,3.0,1.0,0.6003,1.0,
P5,4.0,1.0,0.6308,1.0,
P5,4.0,2.0,0.5488,1.0,
P5,4.0,1.0,0.6509,1.0,
P5,4.0,1.0,0.732,1.0,
P5,4.0,1.0,0.6833,1.0,
P5,3.0,2.0,0.5813,1.0,
P5,3.0,2.0,0.7997,1.0,
P5,4.0,1.0,0.7008,1.0,
P5,3.0,1.0,0.6343,1.0,
P5,3.0,2.0,0.5313,1.0,
P5,4.0,1.0,0.5673,1.0,
P5,3.0,1.0,0.4492,1.0,
P5,4.0,2.0,0.6843,0.0,
P5,3.0,2.0,0.6165,1.0,
P5,3.0,2.0,0.6991,1.0,
P5,3.0,2.0,0.6666,1.0,
P5,3.0,1.0,0.4422,1.0,
P5,3.0,2.0,0.5507,1.0,
P5,3.0,2.0,0.5163,1.0,
P5,3.0,1.0,0.6021,1.0,
P5,3.0,2.0,0.6176,1.0,
P5,4.0,2.0,0.6151,1.0,
P5,3.0,2.0,0.5655,1.0,
P5,4.0,2.0,0.5135,1.0,
P5,3.0,1.0,0.6463,1.0,
P5,4.0,2.0,0.8497,1.0,
P5,3.0,2.0,0.5176,1.0,
P5,3.0,1.0,0.5514,1.0,
P5,4.0,1.0,0.6147,1.0,
P5,3.0,2.0,0.6003,1.0,
P5,3.0,2.0,0.7723,1.0,
P5,4.0,1.0,0.4977,1.0,
P5,4.0,1.0,0.5157,1.0,
P5,4.0,1.0,0.5827,0.0,
P5,3.0,2.0,0.5689,1.0,
P5,3.0,2.0,0.5198,1.0,
P5,4.0,2.0,0.5319,1.0,
P5,4.0,2.0,0.4842,1.0,
P5,3.0,1.0,0.7661,1.0,
P5,4.0,1.0,0.5991,1.0,
P5,4.0,2.0,0.4655,1.0,
P5,3.0,1.0,0.5334,0.0,
P5,4.0,2.0,0.5323,1.0,
P5,4.0,2.0,0.5164,1.0,
P5,3.0,1.0,0.5334,1.0,
P5,4.0,2.0,0.6677,1.0,
P5,4.0,2.0,0.4848,1.0,
P5,4.0,2.0,0.4675,1.0,
P5,4.0,1.0,0.6851,1.0,
P5,3.0,1.0,0.5316,0.0,
P5,4.0,1.0,0.6658,1.0,
P5,3.0,2.0,0.5777,1.0,
P5,4.0,2.0,0.6658,1.0,
P5,4.0,1.0,0.5829,1.0,
P5,4.0,2.0,0.718,1.0,
P5,4.0,2.0,0.5663,1.0,
P5,3.0,1.0,0.5506,1.0,
P5,3.0,1.0,0.8001,0.0,
P5,4.0,2.0,0.5665,1.0,
P5,3.0,1.0,0.4499,1.0,
P5,4.0,1.0,0.7166,1.0,
P5,3.0,1.0,0.5827,1.0,
P5,4.0,1.0,0.5512,1.0,
P5,4.0,2.0,0.5981,1.0,
P5,3.0,1.0,0.6817,1.0,
P5,3.0,1.0,0.5496,0.0,
P5,4.0,1.0,0.6171,1.0,
P5,4.0,1.0,0.6347,0.0,
P5,4.0,1.0,0.5585,1.0,
P5,4.0,1.0,0.7976,0.0,
P5,4.0,2.0,0.5162,1.0,
P5,3.0,1.0,0.5324,1.0,
P5,3.0,1.0,0.5015,1.0,
P5,3.0,1.0,0.5165,1.0,
P5,4.0,2.0,0.5821,1.0,
P5,4.0,2.0,0.5662,1.0,
P5,4.0,2.0,0.8161,0.0,
P5,3.0,2.0,0.4926,1.0,
P5,3.0,2.0,0.4834,1.0,
P5,4.0,1.0,0.6336,1.0,
P5,3.0,1.0,0.7333,1.0,
P5,3.0,2.0,0.8831,1.0,
P5,3.0,1.0,0.4656,1.0,
P5,4.0,1.0,0.6173,0.0,
P5,3.0,2.0,0.5975,1.0,
P5,4.0,1.0,0.4989,1.0,
P5,4.0,2.0,0.5686,1.0,
P5,3.0,1.0,0.6158,0.0,
P5,3.0,2.0,0.5347,1.0,
P5,4.0,1.0,0.5152,0.0,
P5,4.0,2.0,0.5502,1.0,
P5,3.0,1.0,0.4833,1.0,
P5,4.0,1.0,0.577,1.0,
P5,4.0,1.0,0.4648,0.0,
P5,4.0,2.0,0.4838,1.0,
P5,4.0,1.0,0.4668,0.0,
P5,3.0,2.0,0.5996,1.0,
P5,4.0,1.0,0.5331,1.0,
P5,3.0,2.0,0.649,0.0,
P5,3.0,1.0,0.4509,1.0,
P5,3.0,1.0,0.532,1.0,
P5,4.0,2.0,0.516,1.0,
P5,3.0,1.0,0.6658,0.0,
P5,3.0,1.0,0.5166,1.0,
P5,3.0,2.0,0.5659,1.0,
P5,3.0,2.0,0.5663,1.0,
P5,4.0,2.0,0.4162,1.0,
P5,4.0,2.0,0.4669,1.0,
P5,3.0,1.0,0.4979,1.0,
P5,3.0,2.0,0.5001,1.0,
P5,4.0,2.0,0.534,1.0,
P5,3.0,2.0,0.5318,1.0,
P5,4.0,2.0,0.5146,1.0,
P5,3.0,1.0,0.4506,0.0,
P5,4.0,1.0,0.6166,1.0,
P5,3.0,1.0,0.5829,1.0,
P5,3.0,1.0,0.682,1.0,
P5,4.0,2.0,0.7147,1.0,
P5,3.0,2.0,0.4977,1.0,
P5,3.0,2.0,0.5823,1.0,
P5,3.0,2.0,0.567,1.0,
P5,3.0,1.0,0.5823,1.0,
P5,4.0,1.0,0.4815,1.0,
P5,4.0,2.0,0.4677,1.0,
P5,3.0,1.0,0.549,0.0,
P5,4.0,1.0,0.714,1.0,
P5,4.0,2.0,0.5649,1.0,
P5,4.0,2.0,0.648,1.0,
P5,3.0,2.0,0.7286,1.0,
P5,4.0,1.0,0.63,1.0,
P5,3.0,2.0,0.5287,1.0,
P5,3.0,2.0,0.6668,1.0,
P5,3.0,1.0,0.6058,1.0,
P5,3.0,1.0,0.6019,1.0,
P5,4.0,2.0,0.6336,1.0,
P5,4.0,2.0,0.7496,0.0,
P5,4.0,1.0,0.4841,1.0,
P5,3.0,1.0,0.5851,1.0,
P5,3.0,1.0,0.5003,1.0,
P5,3.0,1.0,0.5504,1.0,
P5,3.0,2.0,0.5139,1.0,
P5,4.0,2.0,0.4834,1.0,
P5,3.0,1.0,0.5333,1.0,
P5,4.0,2.0,0.4978,1.0,
P5,4.0,2.0,0.4489,1.0,
P5,3.0,2.0,0.4347,1.0,
P5,3.0,2.0,0.4497,1.0,
P5,4.0,1.0,0.5318,0.0,
P5,4.0,1.0,0.564,1.0,
P5,4.0,1.0,0.4512,1.0,
P5,4.0,2.0,0.5164,1.0,
P5,3.0,2.0,0.5315,1.0,
P5,4.0,1.0,0.5487,1.0,
P5,3.0,2.0,0.5166,1.0,
P5,3.0,1.0,0.5472,1.0,
P5,4.0,2.0,0.6595,0.0,
P5,3.0,1.0,0.4691,1.0,
P5,3.0,2.0,0.4362,1.0,
P5,4.0,2.0,0.6481,1.0,
P5,4.0,2.0,0.4155,1.0,
P5,4.0,1.0,0.4842,1.0,
P5,3.0,2.0,0.4639,1.0,
P5,4.0,2.0,0.7078,1.0,
P5,3.0,2.0,0.5136,1.0,
P5,3.0,2.0,0.5638,1.0,
P5,4.0,1.0,0.6175,1.0,
P5,4.0,1.0,0.5005,0.0,
P5,3.0,2.0,0.6001,1.0,
P5,3.0,1.0,0.6987,1.0,
P5,3.0,1.0,0.6339,1.0,
P5,3.0,2.0,0.6339,1.0,
P5,3.0,2.0,0.5179,1.0,
P5,4.0,1.0,0.7334,1.0,
P5,4.0,2.0,0.5761,1.0,
P5,4.0,1.0,0.7655,1.0,
P5,4.0,1.0,0.7991,1.0,
P5,3.0,2.0,0.5371,1.0,
P5,4.0,2.0,0.7186,1.0,
P5,3.0,2.0,0.6186,1.0,
P5,3.0,1.0,0.5497,1.0,
P5,3.0,1.0,0.7983,1.0,
P5,4.0,1.0,0.5344,0.0,
P5,4.0,2.0,0.6662,1.0,
P5,3.0,1.0,0.7481,0.0,
P5,3.0,2.0,0.4759,1.0,
P5,3.0,1.0,0.5653,1.0,
P5,4.0,2.0,0.5334,1.0,
P5,3.0,2.0,0.4846,1.0,
P5,3.0,2.0,0.503,1.0,
P5,4.0,1.0,0.7155,1.0,
P5,3.0,1.0,0.5473,0.0,
P5,3.0,2.0,0.6984,1.0,
P5,4.0,2.0,0.7501,0.0,
P5,3.0,1.0,0.6969,1.0,
P5,4.0,2.0,0.5093,1.0,
P5,4.0,2.0,0.5329,1.0,
P5,3.0,2.0,0.4997,1.0,
P5,3.0,2.0,0.7313,1.0,
P5,3.0,2.0,0.598,1.0,
P5,3.0,2.0,0.5152,1.0,
P5,3.0,1.0,0.5766,1.0,
P5,3.0,2.0,0.4666,1.0,
P5,4.0,2.0,0.4856,1.0,
P5,4.0,1.0,0.6322,1.0,
P5,3.0,1.0,0.6508,1.0,
P5,3.0,2.0,0.5678,1.0,
P5,4.0,1.0,0.9158,1.0,
P5,4.0,1.0,0.5824,1.0,
P5,3.0,1.0,0.6195,1.0,
P5,3.0,2.0,0.6091,1.0,
P5,4.0,1.0,0.5546,0.0,
P5,3.0,2.0,0.5322,1.0,
P5,3.0,1.0,0.5,1.0,
P5,3.0,1.0,0.5342,1.0,
P5,4.0,1.0,0.5844,1.0,
P5,3.0,2.0,0.8659,0.0,
P5,3.0,2.0,0.5334,1.0,
P5,4.0,2.0,0.4841,1.0,
P5,3.0,2.0,0.4326,1.0,
P5,3.0,1.0,0.6337,0.0,
P5,3.0,2.0,0.6812,1.0,
P5,4.0,1.0,0.535,1.0,
P5,3.0,1.0,0.4657,1.0,
P5,4.0,2.0,0.6346,1.0,
P5,3.0,2.0,0.5338,1.0,
P5,4.0,1.0,0.7835,1.0,
P5,4.0,2.0,0.4852,1.0,
